Workbook

Sheet 空间资源
A1: 空间资源经营简报
A2: 公司 | B2: 25年完成 | C2: 26年预算 | D2: 孰高指标 | E2: 已入账 | F2: 入账同比 | G2: 待入账 | H2: 待续签 | I2: 全年预估收入 | J2: 业绩缺口 | K2: 4月缺口 | L2: 较上月新增 | M2: 备注
A3: 阜阳 | B3: 20.963642 | C3: 20.412388 | D3: 20.963642 | E3: 8.7150515 | F3: 2.1763707 | G3: 5.38 | H3: 7 | I3: =E3+G3+H3 -> 21.095051 | J3: =E3+G3+H3-D3 -> 0.1314098 | K3: 0.21275665 | L3: =-K3+J3 -> -0.08134685 | N3: =VLOOKUP(A3,[4]Sheet1!$B$4:$O$16,13,FALSE) -> 5.38 | O3: =N3-G3 -> 0
A4: 北城 | B4: 520.41069 | C4: 396.09429 | D4: 520.41069 | E4: 202.32602 | F4: 10.988084 | G4: 170.45 | H4: 99 | I4: =E4+G4+H4 -> 471.77602 | J4: =E4+G4+H4-D4 -> -48.63467 | K4: -50.49825 | L4: =-K4+J4 -> 1.8635805 | N4: =VLOOKUP(A4,[4]Sheet1!$B$4:$O$16,13,FALSE) -> 178.84 | O4: =N4-G4 -> 8.39
A5: 宁波 | B5: 412.92583 | C5: 392.40341 | D5: 412.92583 | E5: 195.13466 | F5: 29.475473 | G5: 149.9 | H5: 50 | I5: =E5+G5+H5 -> 395.03466 | J5: =E5+G5+H5-D5 -> -17.891171 | K5: -55.292366 | L5: =-K5+J5 -> 37.401195 | N5: =VLOOKUP(A5,[4]Sheet1!$B$4:$O$16,13,FALSE) -> 150 | O5: =N5-G5 -> 0.1
A6: 滨湖 | B6: 505.97782 | C6: 501.99821 | D6: =693.97782195-188 -> 505.97782 | E6: 220.90803 | F6: 17.238108 | G6: 144.01 | H6: 15 | I6: =E6+G6+H6 -> 379.91803 | J6: =E6+G6+H6-D6 -> -126.05979 | K6: -123.25837 | L6: =-K6+J6 -> -2.8014205 | M6: 1个广告合同提前退租，替换商家协商中 | N6: =VLOOKUP(A6,[4]Sheet1!$B$4:$O$16,13,FALSE) -> 140.2 | O6: =N6-G6 -> -3.81
A7: 长沙 | B7: 614.49592 | C7: 661.0042 | D7: 661.0042 | E7: 222.49288 | F7: -22.594008 | G7: 274.78502 | H7: 31.78 | I7: =E7+G7+H7 -> 529.0579 | J7: =E7+G7+H7-D7 -> -131.94629 | K7: -137.49695 | L7: =-K7+J7 -> 5.5506528 | N7: =VLOOKUP(A7,[4]Sheet1!$B$4:$O$16,13,FALSE) -> 286.63 | O7: =N7-G7 -> 11.844979
A8: 贵阳 | B8: 922.0172 | C8: 810.02518 | D8: 922.0172 | E8: 394.50547 | F8: -25.412295 | G8: 301.77 | H8: 76.94 | I8: =E8+G8+H8 -> 773.21547 | J8: =E8+G8+H8-D8 -> -148.80174 | K8: -203.74319 | L8: =-K8+J8 -> 54.941453 | N8: =VLOOKUP(A8,[4]Sheet1!$B$4:$O$16,13,FALSE) -> 301.77 | O8: =N8-G8 -> 0
A9: 北京 | B9: 1642.4747 | C9: 1562.0577 | D9: 1642.4747 | E9: 595.02894 | F9: -56.285752 | G9: 602.54487 | H9: 236.96338 | I9: =E9+G9+H9 -> 1434.5372 | J9: =E9+G9+H9-D9 -> -207.93751 | K9: -207.32784 | L9: =-K9+J9 -> -0.60967052 | M9: 电梯广告退租 | N9: =VLOOKUP(A9,[4]Sheet1!$B$4:$O$16,13,FALSE) -> 602.54 | O9: =N9-G9 -> -0.004868
A10: 小计 | B10: =SUM(B3:B9) -> 4639.2658 | C10: =SUM(C3:C9) -> 4343.9954 | D10: =SUM(D3:D9) -> 4685.7741 | E10: =SUM(E3:E9) -> 1839.1111 | F10: =SUM(F3:F9) -> -44.414019 | G10: =SUM(G3:G9) -> 1648.8399 | H10: =SUM(H3:H9) -> 516.68338 | I10: =SUM(I3:I9) -> 4004.6343 | ... K10: =SUM(K3:K9) -> -777.40421 | L10: =-K10+J10 -> 96.264444 | N10: =VLOOKUP(A10,[4]Sheet1!$B$4:$O$16,13,FALSE) -> #N/A | O10: =N10-G10 -> #N/A
A11: 闽江 | B11: 188.92003 | C11: 152 | D11: 188.92003 | E11: 84.004721 | F11: 1.8707083 | G11: 93.37 | H11: 6.94 | I11: =E11+G11+H11 -> 184.31472 | J11: =E11+G11+H11-D11 -> -4.6053102 | K11: -3.8464132 | L11: =-K11+J11 -> -0.75889695 | N11: 100.57 | O11: =N11-G11 -> 7.2
A12: 腾冲 | B12: 121.09677 | C12: 100.25263 | D12: 121.09677 | E12: 74.556415 | F12: 29.055305 | G12: 15.585824 | H12: 5 | I12: =E12+G12+H12 -> 95.14224 | J12: =E12+G12+H12-D12 -> -25.954527 | K12: -34.072877 | L12: =-K12+J12 -> 8.1183496 | N12: =VLOOKUP(A12,[4]Sheet1!$B$4:$O$16,13,FALSE) -> 15.58 | O12: =N12-G12 -> -0.005824
A13: 罗源 | B13: 159.07708 | C13: 115.44343 | D13: 159.07708 | E13: 60.550383 | F13: -3.9209268 | G13: 42.325593 | H13: 9.42 | I13: =E13+G13+H13 -> 112.29598 | J13: =E13+G13+H13-D13 -> -46.781104 | K13: -56.63476 | L13: =-K13+J13 -> 9.8536556 | N13: =VLOOKUP(A13,[4]Sheet1!$B$4:$O$16,13,FALSE) -> 35.54 | O13: =N13-G13 -> -6.7855932
A14: 连江 | B14: 289.75328 | C14: 193 | D14: 289.75328 | E14: 136.09906 | F14: 23.427445 | G14: 93.13 | H14: 7.08 | I14: =E14+G14+H14 -> 236.30906 | J14: =E14+G14+H14-D14 -> -53.444223 | K14: -53.44345 | L14: =-K14+J14 -> -0.00077255 | M14: 5月签约合同已计入4月 | N14: =VLOOKUP(A14,[4]Sheet1!$B$4:$O$16,13,FALSE) -> 93 | O14: =N14-G14 -> -0.13
A15: 版纳 | B15: 280.67058 | C15: 239.48988 | D15: 280.67058 | E15: 127.88337 | F15: 33.48674 | G15: 94.1 | H15: 3.14 | I15: =E15+G15+H15 -> 225.12337 | J15: =E15+G15+H15-D15 -> -55.547208 | K15: -57.410315 | L15: =-K15+J15 -> 1.8631064 | N15: =VLOOKUP(A15,[4]Sheet1!$B$4:$O$16,13,FALSE) -> 94 | O15: =N15-G15 -> -0.1
A16: 昆明 | B16: 2093.8022 | C16: 2112.0398 | D16: 2112.0398 | E16: 795.00726 | F16: -3.5485747 | G16: 720 | H16: 375 | I16: =E16+G16+H16 -> 1890.0073 | J16: =E16+G16+H16-D16 -> -222.0325 | K16: -218.24542 | L16: =-K16+J16 -> -3.787078 | M16: 2个合同退租，26年金额6.5万 | N16: =VLOOKUP(A16,[4]Sheet1!$B$4:$O$16,13,FALSE) -> 775.07 | O16: =N16-G16 -> 55.07
A17: 小计 | B17: =SUM(B11:B16) -> 3133.32 | C17: =SUM(C11:C16) -> 2912.2257 | D17: =SUM(D11:D16) -> 3151.5575 | E17: =SUM(E11:E16) -> 1278.1012 | F17: =SUM(F11:F16) -> 80.370696 | G17: =SUM(G11:G16) -> 1058.5114 | H17: =SUM(H11:H16) -> 406.58 | I17: =SUM(I11:I16) -> 2743.1926 | ... K17: =SUM(K11:K16) -> -423.65324 | L17: =-K17+J17 -> 15.288364 | N17: =VLOOKUP(A17,[4]Sheet1!$B$4:$O$16,13,FALSE) -> #N/A | O17: =N17-G17 -> #N/A
A18: 合计 | B18: =B10+B17 -> 7772.5858 | C18: =C10+C17 -> 7256.2211 | D18: =D10+D17 -> 7837.3316 | E18: =E10+E17 -> 3117.2123 | F18: =F10+F17 -> 35.956677 | G18: =G10+G17 -> 2707.3513 | H18: =H10+H17 -> 923.26338 | I18: =I10+I17 -> 6747.8269 | ... K18: =K10+K17 -> -1201.0575 | L18: =-K18+J18 -> 111.55281 | N18: =VLOOKUP(A18,[4]Sheet1!$B$4:$O$16,13,FALSE) -> #N/A | O18: =N18-G18 -> #N/A
B19: =I18-B18 -> -1024.7588 | C19: =I18-C18 -> -508.39415
A20: · 全年预估收入=已入账+待入账+待续签 · 与财务差异原因： 1. 宁波：换电柜业务（以生活名义对外签约）收入为每月指标划拨，未在本体空间资源应收账款未体现，公司统计时未计入待入账；经营用房、电梯广告协商退租部分、代租车位预估收入未计入待入账 2. 除宁波外，其他12家公司差额为数据导出时间不一致（本体统计时间为6月5日，财务统计时间为6月22日）

Sheet 新增及涨价
A1: 2026年2月新增及涨价
A2: 公司 | B2: 新增合同数量 | C2: 26年对应金额/万元 | D2: 涨价合同数量 | E2: 26年对应金额/万元 | F2: 合计/万元
A3: 版纳 | B3: 1 | C3: 28.644 | D3: 0 | E3: 0 | F3: =C3+E3 -> 28.644
A4: 北城 | B4: 4 | C4: 8.6 | D4: 0 | E4: 0 | F4: =C4+E4 -> 8.6
A5: 北京 | B5: 4 | C5: 5.7714215 | D5: 7 | E5: 3.972059 | F5: =C5+E5 -> 9.7434805
A6: 滨湖 | B6: 8 | C6: 10 | D6: 0 | E6: 0 | F6: =C6+E6 -> 10
A7: 阜阳 | B7: 0 | C7: 0 | D7: 0 | E7: 0 | F7: =C7+E7 -> 0
A8: 贵阳 | B8: 19 | C8: 4.3805107 | D8: 0 | E8: 0 | F8: =C8+E8 -> 4.3805107
A9: 昆明 | B9: 1 | C9: 1.03 | D9: 0 | E9: 0 | F9: =C9+E9 -> 1.03
A10: 连江 | B10: 15 | C10: 4.785266 | D10: 0 | E10: 0 | F10: =C10+E10 -> 4.785266
A11: 罗源 | B11: 1 | C11: 0.2 | D11: 0 | E11: 0 | F11: =C11+E11 -> 0.2
A12: 闽江 | B12: 3 | C12: 5.37 | D12: 0 | E12: 0 | F12: =C12+E12 -> 5.37
A13: 宁波 | B13: 4 | C13: 2 | D13: 0 | E13: 0 | F13: =C13+E13 -> 2
A14: 腾冲 | B14: 0 | C14: 0 | D14: 0 | E14: 0 | F14: =C14+E14 -> 0
A15: 长沙 | B15: 4 | C15: 3.38 | D15: 0 | E15: 0 | F15: =C15+E15 -> 3.38
A16: 合计 | B16: =SUM(B3:B15) -> 64 | C16: =SUM(C3:C15) -> 74.161198 | D16: =SUM(D3:D15) -> 7 | E16: =SUM(E3:E15) -> 3.972059 | F16: =C16+E16 -> 78.133257

Sheet 整体
A1: 经营简报（全口径）
A2: · 收费率=实收/（应收-减免），当期、历欠各项数据均为全口径
A3: 公司 | B3: 当期收费率 | J3: 历欠收费率
B4: 2026年 | E4: 2025年 | H4: 同比 | J4: 2026年 | M4: 2025年 | P4: 同比
B5: 应收 | C5: 实收 | D5: 收费率 | E5: 应收 | F5: 实收 | G5: 收费率 | H5: 实收 | I5: 收费率 | J5: 应收 | K5: 实收 | L5: 收费率 | M5: 应收 | N5: 实收 | O5: 收费率 | P5: 实收 | Q5: 收费率
A6: 北京 | B6: =VLOOKUP($A6,'[1]直收代收-26应收减免 (原)'!$AC$4:$AP$17,12,0) -> 14912.063 | C6: =VLOOKUP($A6,'[1]直收代收-26应收减免 (原)'!$AC$2:$AP$17,13,0) -> 11234.02 | D6: =C6/B6 -> 0.75335116 | E6: =VLOOKUP($A6,'[1]直收代收-25应收减免（原）'!$AC$4:$AP$17,12,0) -> 14449.351 | F6: =VLOOKUP($A6,'[1]直收代收-25应收减免（原）'!$AC$2:$AP$17,13,0) -> 11304.693 | G6: =F6/E6 -> 0.7823668 | H6: =C6-F6 -> -70.67255 | I6: =D6-G6 -> -0.029015643 | J6: =VLOOKUP($A6,'[1]直收代收-26应收减免 (原)'!$AC$26:$AP$41,12,0) -> 5998.025 | K6: =VLOOKUP($A6,'[1]直收代收-26应收减免 (原)'!$AC$26:$AP$41,13,0) -> 1279.9915 | L6: =K6/J6 -> 0.21340216 | M6: =VLOOKUP($A6,'[1]直收代收-25应收减免（原）'!$AC$26:$AP$41,12,0) -> 5330.5938 | N6: =VLOOKUP($A6,'[1]直收代收-25应收减免（原）'!$AC$26:$AP$41,13,0) -> 1501.1819 | O6: =N6/M6 -> 0.28161626 | P6: =K6-N6 -> -221.19046 | Q6: =L6-O6 -> -0.068214109
A7: 阜阳 | B7: =VLOOKUP($A7,'[1]直收代收-26应收减免 (原)'!AC$4:AP$17,12,0) -> 2276.8438 | C7: =VLOOKUP($A7,'[1]直收代收-26应收减免 (原)'!$AC$2:$AP$17,13,0) -> 1616.8871 | D7: =C7/B7 -> 0.71014406 | E7: =VLOOKUP($A7,'[1]直收代收-25应收减免（原）'!AC$4:AP$17,12,0) -> 1565.9531 | F7: =VLOOKUP($A7,'[1]直收代收-25应收减免（原）'!$AC$2:$AP$17,13,0) -> 1122.5895 | G7: =F7/E7 -> 0.71687304 | H7: =C7-F7 -> 494.29752 | I7: =D7-G7 -> -0.0067289844 | J7: =VLOOKUP($A7,'[1]直收代收-26应收减免 (原)'!$AC$26:$AP$41,12,0) -> 1210.8432 | K7: =VLOOKUP($A7,'[1]直收代收-26应收减免 (原)'!$AC$26:$AP$41,13,0) -> 819.97545 | L7: =K7/J7 -> 0.67719376 | M7: =VLOOKUP($A7,'[1]直收代收-25应收减免（原）'!$AC$26:$AP$41,12,0) -> 773.6718 | N7: =VLOOKUP($A7,'[1]直收代收-25应收减免（原）'!$AC$26:$AP$41,13,0) -> 299.38737 | O7: =N7/M7 -> 0.38696947 | P7: =K7-N7 -> 520.58808 | Q7: =L7-O7 -> 0.29022428
A8: 北城 | B8: =VLOOKUP($A8,'[1]直收代收-26应收减免 (原)'!AC$4:AP$17,12,0) -> 9214.6679 | C8: =VLOOKUP($A8,'[1]直收代收-26应收减免 (原)'!$AC$2:$AP$17,13,0) -> 6788.178 | D8: =C8/B8 -> 0.73667093 | E8: =VLOOKUP($A8,'[1]直收代收-25应收减免（原）'!AC$4:AP$17,12,0) -> 9294.7157 | F8: =VLOOKUP($A8,'[1]直收代收-25应收减免（原）'!$AC$2:$AP$17,13,0) -> 6902.0286 | G8: =F8/E8 -> 0.74257555 | H8: =C8-F8 -> -113.85063 | I8: =D8-G8 -> -0.0059046224 | J8: =VLOOKUP($A8,'[1]直收代收-26应收减免 (原)'!$AC$26:$AP$41,12,0) -> 4489.2686 | K8: =VLOOKUP($A8,'[1]直收代收-26应收减免 (原)'!$AC$26:$AP$41,13,0) -> 1255.3731 | L8: =K8/J8 -> 0.27963868 | M8: =VLOOKUP($A8,'[1]直收代收-25应收减免（原）'!$AC$26:$AP$41,12,0) -> 3753.0779 | N8: =VLOOKUP($A8,'[1]直收代收-25应收减免（原）'!$AC$26:$AP$41,13,0) -> 1119.6496 | O8: =N8/M8 -> 0.29832836 | P8: =K8-N8 -> 135.72355 | Q8: =L8-O8 -> -0.018689685
A9: 滨湖 | B9: =VLOOKUP($A9,'[1]直收代收-26应收减免 (原)'!AC$4:AP$17,12,0) -> 6445.5908 | C9: =VLOOKUP($A9,'[1]直收代收-26应收减免 (原)'!$AC$2:$AP$17,13,0) -> 4735.5027 | D9: =C9/B9 -> 0.7346887 | E9: =VLOOKUP($A9,'[1]直收代收-25应收减免（原）'!AC$4:AP$17,12,0) -> 6003.8192 | F9: =VLOOKUP($A9,'[1]直收代收-25应收减免（原）'!$AC$2:$AP$17,13,0) -> 4629.3517 | G9: =F9/E9 -> 0.77106781 | H9: =C9-F9 -> 106.151 | I9: =D9-G9 -> -0.036379112 | J9: =VLOOKUP($A9,'[1]直收代收-26应收减免 (原)'!$AC$26:$AP$41,12,0) -> 1931.0728 | K9: =VLOOKUP($A9,'[1]直收代收-26应收减免 (原)'!$AC$26:$AP$41,13,0) -> 1060.1885 | L9: =K9/J9 -> 0.54901528 | M9: =VLOOKUP($A9,'[1]直收代收-25应收减免（原）'!$AC$26:$AP$41,12,0) -> 1442.0597 | N9: =VLOOKUP($A9,'[1]直收代收-25应收减免（原）'!$AC$26:$AP$41,13,0) -> 670.54209 | O9: =N9/M9 -> 0.46498913 | P9: =K9-N9 -> 389.64639 | Q9: =L9-O9 -> 0.084026151
A10: 宁波 | B10: =VLOOKUP($A10,'[1]直收代收-26应收减免 (原)'!AC$4:AP$17,12,0) -> 7198.3088 | C10: =VLOOKUP($A10,'[1]直收代收-26应收减免 (原)'!$AC$2:$AP$17,13,0) -> 4814.5679 | D10: =C10/B10 -> 0.66884709 | E10: =VLOOKUP($A10,'[1]直收代收-25应收减免（原）'!AC$4:AP$17,12,0) -> 7472.2829 | F10: =VLOOKUP($A10,'[1]直收代收-25应收减免（原）'!$AC$2:$AP$17,13,0) -> 5328.4627 | G10: =F10/E10 -> 0.71309702 | H10: =C10-F10 -> -513.8948 | I10: =D10-G10 -> -0.044249933 | J10: =VLOOKUP($A10,'[1]直收代收-26应收减免 (原)'!$AC$26:$AP$41,12,0) -> 3598.746 | K10: =VLOOKUP($A10,'[1]直收代收-26应收减免 (原)'!$AC$26:$AP$41,13,0) -> 842.95383 | L10: =K10/J10 -> 0.23423543 | M10: =VLOOKUP($A10,'[1]直收代收-25应收减免（原）'!$AC$26:$AP$41,12,0) -> 2818.7766 | N10: =VLOOKUP($A10,'[1]直收代收-25应收减免（原）'!$AC$26:$AP$41,13,0) -> 876.45556 | O10: =N10/M10 -> 0.31093474 | P10: =K10-N10 -> -33.501733 | Q10: =L10-O10 -> -0.076699305
A11: 长沙 | B11: =VLOOKUP($A11,'[1]直收代收-26应收减免 (原)'!AC$4:AP$17,12,0) -> 4463.3638 | C11: =VLOOKUP($A11,'[1]直收代收-26应收减免 (原)'!$AC$2:$AP$17,13,0) -> 3096.0355 | D11: =C11/B11 -> 0.6936552 | E11: =VLOOKUP($A11,'[1]直收代收-25应收减免（原）'!AC$4:AP$17,12,0) -> 4329.3031 | F11: =VLOOKUP($A11,'[1]直收代收-25应收减免（原）'!$AC$2:$AP$17,13,0) -> 2783.2547 | G11: =F11/E11 -> 0.64288745 | H11: =C11-F11 -> 312.78084 | I11: =D11-G11 -> 0.050767753 | J11: =VLOOKUP($A11,'[1]直收代收-26应收减免 (原)'!$AC$26:$AP$41,12,0) -> 4177.2719 | K11: =VLOOKUP($A11,'[1]直收代收-26应收减免 (原)'!$AC$26:$AP$41,13,0) -> 387.78258 | L11: =K11/J11 -> 0.092831539 | M11: =VLOOKUP($A11,'[1]直收代收-25应收减免（原）'!$AC$26:$AP$41,12,0) -> 3797.9963 | N11: =VLOOKUP($A11,'[1]直收代收-25应收减免（原）'!$AC$26:$AP$41,13,0) -> 514.09545 | O11: =N11/M11 -> 0.13535965 | P11: =K11-N11 -> -126.31287 | Q11: =L11-O11 -> -0.042528112
A12: 贵阳 | B12: =VLOOKUP($A12,'[1]直收代收-26应收减免 (原)'!AC$4:AP$17,12,0) -> 9651.5783 | C12: =VLOOKUP($A12,'[1]直收代收-26应收减免 (原)'!$AC$2:$AP$17,13,0) -> 6908.2047 | D12: =C12/B12 -> 0.71575907 | E12: =VLOOKUP($A12,'[1]直收代收-25应收减免（原）'!AC$4:AP$17,12,0) -> 11050.52 | F12: =VLOOKUP($A12,'[1]直收代收-25应收减免（原）'!$AC$2:$AP$17,13,0) -> 7937.7606 | G12: =F12/E12 -> 0.71831559 | H12: =C12-F12 -> -1029.5559 | I12: =D12-G12 -> -0.0025565278 | J12: =VLOOKUP($A12,'[1]直收代收-26应收减免 (原)'!$AC$26:$AP$41,12,0) -> 5313.6921 | K12: =VLOOKUP($A12,'[1]直收代收-26应收减免 (原)'!$AC$26:$AP$41,13,0) -> 1464.7371 | L12: =K12/J12 -> 0.27565336 | M12: =VLOOKUP($A12,'[1]直收代收-25应收减免（原）'!$AC$26:$AP$41,12,0) -> 4460.7399 | N12: =VLOOKUP($A12,'[1]直收代收-25应收减免（原）'!$AC$26:$AP$41,13,0) -> 1301.866 | O12: =N12/M12 -> 0.2918498 | P12: =K12-N12 -> 162.87107 | Q12: =L12-O12 -> -0.016196432
A13: 广州 | B13: =VLOOKUP($A13,'[1]直收代收-26应收减免 (原)'!AC$4:AP$17,12,0) -> 649.04408 | C13: =VLOOKUP($A13,'[1]直收代收-26应收减免 (原)'!$AC$2:$AP$17,13,0) -> 385.09311 | D13: =C13/B13 -> 0.59332351 | E13: =VLOOKUP($A13,'[1]直收代收-25应收减免（原）'!AC$4:AP$17,12,0) -> 597.93157 | F13: =VLOOKUP($A13,'[1]直收代收-25应收减免（原）'!$AC$2:$AP$17,13,0) -> 87.897284 | G13: =F13/E13 -> 0.14700225 | H13: =C13-F13 -> 297.19583 | I13: =D13-G13 -> 0.44632126 | J13: =VLOOKUP($A13,'[1]直收代收-26应收减免 (原)'!$AC$26:$AP$41,12,0) -> 600.51861 | K13: =VLOOKUP($A13,'[1]直收代收-26应收减免 (原)'!$AC$26:$AP$41,13,0) -> 87.58576 | L13: =K13/J13 -> 0.1458502 | M13: =VLOOKUP($A13,'[1]直收代收-25应收减免（原）'!$AC$26:$AP$41,12,0) -> 130.68745 | N13: =VLOOKUP($A13,'[1]直收代收-25应收减免（原）'!$AC$26:$AP$41,13,0) -> 130.68745 | O13: =N13/M13 -> 0.99999999 | P13: =K13-N13 -> -43.101693 | Q13: =L13-O13 -> -0.85414979
A14: 小计 | B14: =SUM(B6:B13) -> 54811.461 | C14: =SUM(C6:C13) -> 39578.489 | D14: =C14/B14 -> 0.72208419 | E14: =SUM(E6:E13) -> 54763.876 | F14: =SUM(F6:F13) -> 40096.038 | G14: =F14/E14 -> 0.73216216 | H14: =C14-F14 -> -517.54869 | I14: =D14-G14 -> -0.010077967 | J14: =SUM(J6:J13) -> 27319.438 | K14: =SUM(K6:K13) -> 7198.5878 | L14: =K14/J14 -> 0.26349692 | M14: =SUM(M6:M13) -> 22507.603 | N14: =SUM(N6:N13) -> 6413.8655 | O14: =N14/M14 -> 0.28496439 | P14: =K14-N14 -> 784.72235 | Q14: =L14-O14 -> -0.02146747
A15: 昆明 | B15: =VLOOKUP($A15,'[1]直收代收-26应收减免 (原)'!AC$4:AP$17,12,0) -> 5853.1317 | C15: =VLOOKUP($A15,'[1]直收代收-26应收减免 (原)'!$AC$2:$AP$17,13,0) -> 4775.0479 | D15: =C15/B15 -> 0.81581077 | E15: =VLOOKUP($A15,'[1]直收代收-25应收减免（原）'!AC$4:AP$17,12,0) -> 6238.5545 | F15: =VLOOKUP($A15,'[1]直收代收-25应收减免（原）'!$AC$2:$AP$17,13,0) -> 4975.4186 | G15: =F15/E15 -> 0.79752747 | H15: =C15-F15 -> -200.3707 | I15: =D15-G15 -> 0.018283305 | J15: =VLOOKUP($A15,'[1]直收代收-26应收减免 (原)'!$AC$26:$AP$41,12,0) -> 3212.3007 | K15: =VLOOKUP($A15,'[1]直收代收-26应收减免 (原)'!$AC$26:$AP$41,13,0) -> 452.93953 | L15: =K15/J15 -> 0.1410016 | M15: =VLOOKUP($A15,'[1]直收代收-25应收减免（原）'!$AC$26:$AP$41,12,0) -> 2944.6509 | N15: =VLOOKUP($A15,'[1]直收代收-25应收减免（原）'!$AC$26:$AP$41,13,0) -> 468.57213 | O15: =N15/M15 -> 0.15912655 | P15: =K15-N15 -> -15.632608 | Q15: =L15-O15 -> -0.018124953
A16: 罗源 | B16: =VLOOKUP($A16,'[1]直收代收-26应收减免 (原)'!AC$4:AP$17,12,0) -> 5421.7286 | C16: =VLOOKUP($A16,'[1]直收代收-26应收减免 (原)'!$AC$2:$AP$17,13,0) -> 4012.0905 | D16: =C16/B16 -> 0.74000209 | E16: =VLOOKUP($A16,'[1]直收代收-25应收减免（原）'!AC$4:AP$17,12,0) -> 5439.3206 | F16: =VLOOKUP($A16,'[1]直收代收-25应收减免（原）'!$AC$2:$AP$17,13,0) -> 3822.0052 | G16: =F16/E16 -> 0.70266225 | H16: =C16-F16 -> 190.08526 | I16: =D16-G16 -> 0.037339845 | J16: =VLOOKUP($A16,'[1]直收代收-26应收减免 (原)'!$AC$26:$AP$41,12,0) -> 3149.5945 | K16: =VLOOKUP($A16,'[1]直收代收-26应收减免 (原)'!$AC$26:$AP$41,13,0) -> 1353.3005 | L16: =K16/J16 -> 0.42967454 | M16: =VLOOKUP($A16,'[1]直收代收-25应收减免（原）'!$AC$26:$AP$41,12,0) -> 2991.0053 | N16: =VLOOKUP($A16,'[1]直收代收-25应收减免（原）'!$AC$26:$AP$41,13,0) -> 1371.381 | O16: =N16/M16 -> 0.45850168 | P16: =K16-N16 -> -18.080408 | Q16: =L16-O16 -> -0.028827145
A17: 闽江 | B17: =VLOOKUP($A17,'[1]直收代收-26应收减免 (原)'!AC$4:AP$17,12,0) -> 3823.9109 | C17: =VLOOKUP($A17,'[1]直收代收-26应收减免 (原)'!$AC$2:$AP$17,13,0) -> 2726.4989 | D17: =C17/B17 -> 0.71301318 | E17: =VLOOKUP($A17,'[1]直收代收-25应收减免（原）'!AC$4:AP$17,12,0) -> 3711.761 | F17: =VLOOKUP($A17,'[1]直收代收-25应收减免（原）'!$AC$2:$AP$17,13,0) -> 2709.7939 | G17: =F17/E17 -> 0.73005613 | H17: =C17-F17 -> 16.705025 | I17: =D17-G17 -> -0.017042948 | J17: =VLOOKUP($A17,'[1]直收代收-26应收减免 (原)'!$AC$26:$AP$41,12,0) -> 889.39873 | K17: =VLOOKUP($A17,'[1]直收代收-26应收减免 (原)'!$AC$26:$AP$41,13,0) -> 453.54584 | L17: =K17/J17 -> 0.50994657 | M17: =VLOOKUP($A17,'[1]直收代收-25应收减免（原）'!$AC$26:$AP$41,12,0) -> 681.21751 | N17: =VLOOKUP($A17,'[1]直收代收-25应收减免（原）'!$AC$26:$AP$41,13,0) -> 313.57395 | O17: =N17/M17 -> 0.46031398 | P17: =K17-N17 -> 139.97189 | Q17: =L17-O17 -> 0.04963259
A18: 腾冲 | B18: =VLOOKUP($A18,'[1]直收代收-26应收减免 (原)'!AC$4:AP$17,12,0) -> 2202.1943 | C18: =VLOOKUP($A18,'[1]直收代收-26应收减免 (原)'!$AC$2:$AP$17,13,0) -> 1575.6506 | D18: =C18/B18 -> 0.7154912 | E18: =VLOOKUP($A18,'[1]直收代收-25应收减免（原）'!AC$4:AP$17,12,0) -> 2108.8585 | F18: =VLOOKUP($A18,'[1]直收代收-25应收减免（原）'!$AC$2:$AP$17,13,0) -> 1600.6164 | G18: =F18/E18 -> 0.75899656 | H18: =C18-F18 -> -24.965758 | I18: =D18-G18 -> -0.043505362 | J18: =VLOOKUP($A18,'[1]直收代收-26应收减免 (原)'!$AC$26:$AP$41,12,0) -> 1368.2813 | K18: =VLOOKUP($A18,'[1]直收代收-26应收减免 (原)'!$AC$26:$AP$41,13,0) -> 243.65507 | L18: =K18/J18 -> 0.17807381 | M18: =VLOOKUP($A18,'[1]直收代收-25应收减免（原）'!$AC$26:$AP$41,12,0) -> 1265.3366 | N18: =VLOOKUP($A18,'[1]直收代收-25应收减免（原）'!$AC$26:$AP$41,13,0) -> 153.16636 | O18: =N18/M18 -> 0.12104791 | P18: =K18-N18 -> 90.488718 | Q18: =L18-O18 -> 0.057025901
A19: 连江 | B19: =VLOOKUP($A19,'[1]直收代收-26应收减免 (原)'!AC$4:AP$17,12,0) -> 5230.6058 | C19: =VLOOKUP($A19,'[1]直收代收-26应收减免 (原)'!$AC$2:$AP$17,13,0) -> 3376.9428 | D19: =C19/B19 -> 0.64561217 | E19: =VLOOKUP($A19,'[1]直收代收-25应收减免（原）'!AC$4:AP$17,12,0) -> 5039.9099 | F19: =VLOOKUP($A19,'[1]直收代收-25应收减免（原）'!$AC$2:$AP$17,13,0) -> 3227.1614 | G19: =F19/E19 -> 0.64032125 | H19: =C19-F19 -> 149.78137 | I19: =D19-G19 -> 0.0052909277 | J19: =VLOOKUP($A19,'[1]直收代收-26应收减免 (原)'!$AC$26:$AP$41,12,0) -> 4631.8485 | K19: =VLOOKUP($A19,'[1]直收代收-26应收减免 (原)'!$AC$26:$AP$41,13,0) -> 1163.7737 | L19: =K19/J19 -> 0.2512547 | M19: =VLOOKUP($A19,'[1]直收代收-25应收减免（原）'!$AC$26:$AP$41,12,0) -> 4173.3728 | N19: =VLOOKUP($A19,'[1]直收代收-25应收减免（原）'!$AC$26:$AP$41,13,0) -> 1208.2881 | O19: =N19/M19 -> 0.28952317 | P19: =K19-N19 -> -44.514408 | Q19: =L19-O19 -> -0.038268466
A20: 版纳 | B20: =VLOOKUP($A20,'[1]直收代收-26应收减免 (原)'!AC$4:AP$17,12,0) -> 2624.3694 | C20: =VLOOKUP($A20,'[1]直收代收-26应收减免 (原)'!$AC$2:$AP$17,13,0) -> 1408.1766 | D20: =C20/B20 -> 0.53657712 | E20: =VLOOKUP($A20,'[1]直收代收-25应收减免（原）'!AC$4:AP$17,12,0) -> 2525.0557 | F20: =VLOOKUP($A20,'[1]直收代收-25应收减免（原）'!$AC$2:$AP$17,13,0) -> 1227.2877 | G20: =F20/E20 -> 0.48604382 | H20: =C20-F20 -> 180.88886 | I20: =D20-G20 -> 0.0505333 | J20: =VLOOKUP($A20,'[1]直收代收-26应收减免 (原)'!$AC$26:$AP$41,12,0) -> 2045.2657 | K20: =VLOOKUP($A20,'[1]直收代收-26应收减免 (原)'!$AC$26:$AP$41,13,0) -> 372.14333 | L20: =K20/J20 -> 0.18195354 | M20: =VLOOKUP($A20,'[1]直收代收-25应收减免（原）'!$AC$26:$AP$41,12,0) -> 1867.7669 | N20: =VLOOKUP($A20,'[1]直收代收-25应收减免（原）'!$AC$26:$AP$41,13,0) -> 340.78943 | O20: =N20/M20 -> 0.18245822 | P20: =K20-N20 -> 31.353906 | Q20: =L20-O20 -> -0.00050467674
A21: 小计 | B21: =SUM(B15:B20) -> 25155.941 | C21: =SUM(C15:C20) -> 17874.407 | D21: =C21/B21 -> 0.71054418 | E21: =SUM(E15:E20) -> 25063.46 | F21: =SUM(F15:F20) -> 17562.283 | G21: =F21/E21 -> 0.70071263 | H21: =C21-F21 -> 312.12407 | I21: =D21-G21 -> 0.0098315498 | J21: =SUM(J15:J20) -> 15296.689 | K21: =SUM(K15:K20) -> 4039.358 | L21: =K21/J21 -> 0.26406747 | M21: =SUM(M15:M20) -> 13923.35 | N21: =SUM(N15:N20) -> 3855.7709 | O21: =N21/M21 -> 0.27692839 | P21: =K21-N21 -> 183.58709 | Q21: =L21-O21 -> -0.012860924
A22: 合计 | B22: =B21+B14 -> 79967.401 | C22: =C21+C14 -> 57452.896 | D22: =C22/B22 -> 0.71845396 | E22: =E21+E14 -> 79827.337 | F22: =F21+F14 -> 57658.321 | G22: =F22/E22 -> 0.72228792 | H22: =C22-F22 -> -205.42462 | I22: =D22-G22 -> -0.0038339581 | J22: =J21+J14 -> 42616.128 | K22: =K21+K14 -> 11237.946 | L22: =K22/J22 -> 0.26370171 | M22: =M21+M14 -> 36430.954 | N22: =N21+N14 -> 10269.636 | O22: =N22/M22 -> 0.28189315 | P22: =K22-N22 -> 968.30944 | Q22: =L22-O22 -> -0.018191442

Sheet 当期-费项
A1: 当期收费简报-自建
A2: · 收费率=实收/（应收-减免），其他项不含筑科案场服务费
A3: 公司 | B3: 直收项（物、车） | J3: 代收项（代收水电、公摊水电） | R3: 其他项（不含筑科案场服务费） | Z3: 合计 | AH3: 备注
B4: 2026年 | E4: 2025年 | H4: 同比 | J4: 2026年 | M4: 2025年 | P4: 同比 | R4: 2026年 | U4: 2025年 | X4: 同比 | Z4: 2026年 | AC4: 2025年 | AF4: 同比
B5: 应收 | C5: 实收 | D5: 收费率 | E5: 应收 | F5: 实收 | G5: 收费率 | H5: 实收 | I5: 收费率 | J5: 应收 | K5: 实收 | L5: 收费率 | M5: 应收 | N5: 实收 | O5: 收费率 | P5: 实收 | Q5: 收费率 | R5: 应收 | S5: 实收 | T5: 收费率 | U5: 应收 | V5: 实收 | W5: 收费率 | X5: 实收 | Y5: 收费率 | Z5: 应收 | AA5: 实收 | AB5: 收费率 | AC5: 应收 | AD5: 实收 | AE5: 收费率 | AF5: 实收 | AG5: 收费率
A6: 滨湖 | B6: =VLOOKUP($A6,'[1]直收代收-26应收减免 (调整)'!$A$27:$K$42,3,0) -> 2514.7632 | C6: =VLOOKUP($A6,'[1]直收代收-26应收减免 (调整)'!$A$27:$K$42,4,0) -> 2051.1169 | D6: =IF(B6>0,C6/B6,"——") -> 0.81563023 | E6: =VLOOKUP($A6,'[1]直收代收-25应收减免（调整）'!$A$27:$K$42,3,0) -> 2521.9441 | F6: =VLOOKUP($A6,'[1]直收代收-25应收减免（调整）'!$A$27:$K$42,4,0) -> 2056.3547 | G6: =IF(E6>0,F6/E6,"——") -> 0.81538473 | H6: =C6-F6 -> -5.237806 | I6: =D6-G6 -> 0.00024550273 | J6: =VLOOKUP($A6,'[1]直收代收-26应收减免 (调整)'!$A$27:$K$42,6,0) -> 949.10693 | K6: =VLOOKUP($A6,'[1]直收代收-26应收减免 (调整)'!$A$27:$K$42,7,0) -> 920.72959 | L6: =IF(J6>0,K6/J6,"——") -> 0.97010101 | M6: =VLOOKUP($A6,'[1]直收代收-25应收减免（调整）'!$A$27:$K$42,6,0) -> 904.29329 | N6: =VLOOKUP($A6,'[1]直收代收-25应收减免（调整）'!$A$27:$K$42,7,0) -> 872.36029 | O6: =IF(M6>0,N6/M6,"——") -> 0.96468733 | P6: =K6-N6 -> 48.369303 | Q6: =(K6/J6)-(N6/M6) -> 0.0054136755 | R6: =VLOOKUP($A6,'[1]直收代收-26应收减免 (调整)'!$A$27:$K$42,9,0) -> 391.74631 | S6: =VLOOKUP($A6,'[1]直收代收-26应收减免 (调整)'!$A$27:$K$42,10,0) -> 344.78159 | T6: =IF(R6>0,S6/R6,"——") -> 0.88011446 | U6: =VLOOKUP($A6,'[1]直收代收-25应收减免（调整）'!$A$27:$K$42,9,0) -> 381.20346 | V6: =VLOOKUP($A6,'[1]直收代收-25应收减免（调整）'!$A$27:$K$42,10,0) -> 328.01389 | W6: =IF(U6>0,V6/U6,"——") -> 0.86046934 | X6: =S6-V6 -> 16.767705 | Y6: =(S6/R6)-(V6/U6) -> 0.019645122 | Z6: =B6+J6+R6 -> 3855.6164 | AA6: =C6+K6+S6 -> 3316.6281 | AB6: =IF(Z6>0,AA6/Z6,"——") -> 0.86020695 | AC6: =E6+M6+U6 -> 3807.4408 | AD6: =F6+N6+V6 -> 3256.7289 | AE6: =IF(AC6>0,AD6/AC6,"——") -> 0.85535902 | AF6: =AA6-AD6 -> 59.899202 | AG6: =(AA6/Z6)-(AD6/AC6) -> 0.0048479329
A7: 贵阳 | B7: =VLOOKUP($A7,'[1]直收代收-26应收减免 (调整)'!$A$27:$K$42,3,0) -> 4290.5413 | C7: =VLOOKUP($A7,'[1]直收代收-26应收减免 (调整)'!$A$27:$K$42,4,0) -> 3323.571 | D7: =IF(B7>0,C7/B7,"——") -> 0.77462743 | E7: =VLOOKUP($A7,'[1]直收代收-25应收减免（调整）'!$A$27:$K$42,3,0) -> 4605.0374 | F7: =VLOOKUP($A7,'[1]直收代收-25应收减免（调整）'!$A$27:$K$42,4,0) -> 3313.6713 | G7: =IF(E7>0,F7/E7,"——") -> 0.71957533 | H7: =C7-F7 -> 9.899679 | I7: =D7-G7 -> 0.055052104 | J7: =VLOOKUP($A7,'[1]直收代收-26应收减免 (调整)'!$A$27:$K$42,6,0) -> 1798.6104 | K7: =VLOOKUP($A7,'[1]直收代收-26应收减免 (调整)'!$A$27:$K$42,7,0) -> 1753.2597 | L7: =IF(J7>0,K7/J7,"——") -> 0.97478568 | M7: =VLOOKUP($A7,'[1]直收代收-25应收减免（调整）'!$A$27:$K$42,6,0) -> 1945.9926 | N7: =VLOOKUP($A7,'[1]直收代收-25应收减免（调整）'!$A$27:$K$42,7,0) -> 1870.9419 | O7: =IF(M7>0,N7/M7,"——") -> 0.96143321 | P7: =K7-N7 -> -117.68221 | Q7: =(K7/J7)-(N7/M7) -> 0.013352462 | R7: =VLOOKUP($A7,'[1]直收代收-26应收减免 (调整)'!$A$27:$K$42,9,0) -> 562.83894 | S7: =VLOOKUP($A7,'[1]直收代收-26应收减免 (调整)'!$A$27:$K$42,10,0) -> 501.56484 | T7: =IF(R7>0,S7/R7,"——") -> 0.89113386 | U7: =VLOOKUP($A7,'[1]直收代收-25应收减免（调整）'!$A$27:$K$42,9,0) -> 584.93554 | V7: =VLOOKUP($A7,'[1]直收代收-25应收减免（调整）'!$A$27:$K$42,10,0) -> 479.35776 | W7: =IF(U7>0,V7/U7,"——") -> 0.81950526 | X7: =S7-V7 -> 22.207079 | Y7: =(S7/R7)-(V7/U7) -> 0.071628593 | Z7: =B7+J7+R7 -> 6651.9906 | AA7: =C7+K7+S7 -> 5578.3955 | AB7: =IF(Z7>0,AA7/Z7,"——") -> 0.83860543 | AC7: =E7+M7+U7 -> 7135.9655 | AD7: =F7+N7+V7 -> 5663.9709 | AE7: =IF(AC7>0,AD7/AC7,"——") -> 0.79372174 | AF7: =AA7-AD7 -> -85.575457 | AG7: =(AA7/Z7)-(AD7/AC7) -> 0.044883694
A8: 北京 | B8: =VLOOKUP($A8,'[1]直收代收-26应收减免 (调整)'!$A$27:$K$42,3,0) -> 8869.0727 | C8: =VLOOKUP($A8,'[1]直收代收-26应收减免 (调整)'!$A$27:$K$42,4,0) -> 7165.5783 | D8: =IF(B8>0,C8/B8,"——") -> 0.8079287 | E8: =VLOOKUP($A8,'[1]直收代收-25应收减免（调整）'!$A$27:$K$42,3,0) -> 8899.6998 | F8: =VLOOKUP($A8,'[1]直收代收-25应收减免（调整）'!$A$27:$K$42,4,0) -> 7293.9654 | G8: =IF(E8>0,F8/E8,"——") -> 0.81957433 | H8: =C8-F8 -> -128.3871 | I8: =D8-G8 -> -0.011645626 | J8: =VLOOKUP($A8,'[1]直收代收-26应收减免 (调整)'!$A$27:$K$42,6,0) -> 1014.4345 | K8: =VLOOKUP($A8,'[1]直收代收-26应收减免 (调整)'!$A$27:$K$42,7,0) -> 991.5658 | L8: =IF(J8>0,K8/J8,"——") -> 0.9774567 | M8: =VLOOKUP($A8,'[1]直收代收-25应收减免（调整）'!$A$27:$K$42,6,0) -> 1132.328 | N8: =VLOOKUP($A8,'[1]直收代收-25应收减免（调整）'!$A$27:$K$42,7,0) -> 1103.3812 | O8: =IF(M8>0,N8/M8,"——") -> 0.97443606 | P8: =K8-N8 -> -111.81539 | Q8: =(K8/J8)-(N8/M8) -> 0.0030206346 | R8: =VLOOKUP($A8,'[1]直收代收-26应收减免 (调整)'!$A$27:$K$42,9,0) -> 657.40772 | S8: =VLOOKUP($A8,'[1]直收代收-26应收减免 (调整)'!$A$27:$K$42,10,0) -> 561.14153 | T8: =IF(R8>0,S8/R8,"——") -> 0.85356699 | U8: =VLOOKUP($A8,'[1]直收代收-25应收减免（调整）'!$A$27:$K$42,9,0) -> 740.3482 | V8: =VLOOKUP($A8,'[1]直收代收-25应收减免（调整）'!$A$27:$K$42,10,0) -> 701.26983 | W8: =IF(U8>0,V8/U8,"——") -> 0.94721623 | X8: =S8-V8 -> -140.1283 | Y8: =(S8/R8)-(V8/U8) -> -0.093649243 | Z8: =B8+J8+R8 -> 10540.915 | AA8: =C8+K8+S8 -> 8718.2857 | AB8: =IF(Z8>0,AA8/Z8,"——") -> 0.82709004 | AC8: =E8+M8+U8 -> 10772.376 | AD8: =F8+N8+V8 -> 9098.6165 | AE8: =IF(AC8>0,AD8/AC8,"——") -> 0.84462486 | AF8: =AA8-AD8 -> -380.33079 | AG8: =(AA8/Z8)-(AD8/AC8) -> -0.01753482 | AH8: 电梯广告收入减少
A9: 北城 | B9: =VLOOKUP($A9,'[1]直收代收-26应收减免 (调整)'!$A$27:$K$42,3,0) -> 4342.98 | C9: =VLOOKUP($A9,'[1]直收代收-26应收减免 (调整)'!$A$27:$K$42,4,0) -> 3218.6259 | D9: =IF(B9>0,C9/B9,"——") -> 0.74110999 | E9: =VLOOKUP($A9,'[1]直收代收-25应收减免（调整）'!$A$27:$K$42,3,0) -> 4326.9119 | F9: =VLOOKUP($A9,'[1]直收代收-25应收减免（调整）'!$A$27:$K$42,4,0) -> 3293.333 | G9: =IF(E9>0,F9/E9,"——") -> 0.7611278 | H9: =C9-F9 -> -74.707066 | I9: =D9-G9 -> -0.020017811 | J9: =VLOOKUP($A9,'[1]直收代收-26应收减免 (调整)'!$A$27:$K$42,6,0) -> 1455.4637 | K9: =VLOOKUP($A9,'[1]直收代收-26应收减免 (调整)'!$A$27:$K$42,7,0) -> 1392.9849 | L9: =IF(J9>0,K9/J9,"——") -> 0.95707296 | M9: =VLOOKUP($A9,'[1]直收代收-25应收减免（调整）'!$A$27:$K$42,6,0) -> 1529.8701 | N9: =VLOOKUP($A9,'[1]直收代收-25应收减免（调整）'!$A$27:$K$42,7,0) -> 1467.8836 | O9: =IF(M9>0,N9/M9,"——") -> 0.95948248 | P9: =K9-N9 -> -74.89867 | Q9: =(K9/J9)-(N9/M9) -> -0.002409523 | R9: =VLOOKUP($A9,'[1]直收代收-26应收减免 (调整)'!$A$27:$K$42,9,0) -> 564.31587 | S9: =VLOOKUP($A9,'[1]直收代收-26应收减免 (调整)'!$A$27:$K$42,10,0) -> 510.82318 | T9: =IF(R9>0,S9/R9,"——") -> 0.90520789 | U9: =VLOOKUP($A9,'[1]直收代收-25应收减免（调整）'!$A$27:$K$42,9,0) -> 558.91131 | V9: =VLOOKUP($A9,'[1]直收代收-25应收减免（调整）'!$A$27:$K$42,10,0) -> 515.36652 | W9: =IF(U9>0,V9/U9,"——") -> 0.92208997 | X9: =S9-V9 -> -4.543336 | Y9: =(S9/R9)-(V9/U9) -> -0.016882081 | Z9: =B9+J9+R9 -> 6362.7596 | AA9: =C9+K9+S9 -> 5122.434 | AB9: =IF(Z9>0,AA9/Z9,"——") -> 0.80506484 | AC9: =E9+M9+U9 -> 6415.6934 | AD9: =F9+N9+V9 -> 5276.5831 | AE9: =IF(AC9>0,AD9/AC9,"——") -> 0.82244939 | AF9: =AA9-AD9 -> -154.14907 | AG9: =(AA9/Z9)-(AD9/AC9) -> -0.01738455 | AH9: 空置商铺、公寓未缴费，现尝试分段收费
A10: 阜阳 | B10: =VLOOKUP($A10,'[1]直收代收-26应收减免 (调整)'!$A$27:$K$42,3,0) -> 851.2774 | C10: =VLOOKUP($A10,'[1]直收代收-26应收减免 (调整)'!$A$27:$K$42,4,0) -> 643.96349 | D10: =IF(B10>0,C10/B10,"——") -> 0.75646727 | E10: =VLOOKUP($A10,'[1]直收代收-25应收减免（调整）'!$A$27:$K$42,3,0) -> 806.94731 | F10: =VLOOKUP($A10,'[1]直收代收-25应收减免（调整）'!$A$27:$K$42,4,0) -> 621.76625 | G10: =IF(E10>0,F10/E10,"——") -> 0.77051655 | H10: =C10-F10 -> 22.197239 | I10: =D10-G10 -> -0.014049279 | J10: =VLOOKUP($A10,'[1]直收代收-26应收减免 (调整)'!$A$27:$K$42,6,0) -> 32.198583 | K10: =VLOOKUP($A10,'[1]直收代收-26应收减免 (调整)'!$A$27:$K$42,7,0) -> 25.287683 | L10: =IF(J10>0,K10/J10,"——") -> 0.78536633 | M10: =VLOOKUP($A10,'[1]直收代收-25应收减免（调整）'!$A$27:$K$42,6,0) -> 21.661296 | N10: =VLOOKUP($A10,'[1]直收代收-25应收减免（调整）'!$A$27:$K$42,7,0) -> 12.471187 | O10: =IF(M10>0,N10/M10,"——") -> 0.57573596 | P10: =K10-N10 -> 12.816496 | Q10: =(K10/J10)-(N10/M10) -> 0.20963037 | R10: =VLOOKUP($A10,'[1]直收代收-26应收减免 (调整)'!$A$27:$K$42,9,0) -> 134.77037 | S10: =VLOOKUP($A10,'[1]直收代收-26应收减免 (调整)'!$A$27:$K$42,10,0) -> 109.11894 | T10: =IF(R10>0,S10/R10,"——") -> 0.80966567 | U10: =VLOOKUP($A10,'[1]直收代收-25应收减免（调整）'!$A$27:$K$42,9,0) -> 123.624 | V10: =VLOOKUP($A10,'[1]直收代收-25应收减免（调整）'!$A$27:$K$42,10,0) -> 98.413895 | W10: =IF(U10>0,V10/U10,"——") -> 0.79607435 | X10: =S10-V10 -> 10.70505 | Y10: =(S10/R10)-(V10/U10) -> 0.013591328 | Z10: =B10+J10+R10 -> 1018.2464 | AA10: =C10+K10+S10 -> 778.37012 | AB10: =IF(Z10>0,AA10/Z10,"——") -> 0.7644222 | AC10: =E10+M10+U10 -> 952.2326 | AD10: =F10+N10+V10 -> 732.65133 | AE10: =IF(AC10>0,AD10/AC10,"——") -> 0.76940375 | AF10: =AA10-AD10 -> 45.718785 | AG10: =(AA10/Z10)-(AD10/AC10) -> -0.0049815512
A11: 长沙 | B11: =VLOOKUP($A11,'[1]直收代收-26应收减免 (调整)'!$A$27:$K$42,3,0) -> 2417.6103 | C11: =VLOOKUP($A11,'[1]直收代收-26应收减免 (调整)'!$A$27:$K$42,4,0) -> 1681.6839 | D11: =IF(B11>0,C11/B11,"——") -> 0.69559761 | E11: =VLOOKUP($A11,'[1]直收代收-25应收减免（调整）'!$A$27:$K$42,3,0) -> 2417.8255 | F11: =VLOOKUP($A11,'[1]直收代收-25应收减免（调整）'!$A$27:$K$42,4,0) -> 1718.8282 | G11: =IF(E11>0,F11/E11,"——") -> 0.71089839 | H11: =C11-F11 -> -37.144329 | I11: =D11-G11 -> -0.01530078 | J11: =VLOOKUP($A11,'[1]直收代收-26应收减免 (调整)'!$A$27:$K$42,6,0) -> 754.66352 | K11: =VLOOKUP($A11,'[1]直收代收-26应收减免 (调整)'!$A$27:$K$42,7,0) -> 718.62116 | L11: =IF(J11>0,K11/J11,"——") -> 0.95224049 | M11: =VLOOKUP($A11,'[1]直收代收-25应收减免（调整）'!$A$27:$K$42,6,0) -> 945.57957 | N11: =VLOOKUP($A11,'[1]直收代收-25应收减免（调整）'!$A$27:$K$42,7,0) -> 619.76893 | O11: =IF(M11>0,N11/M11,"——") -> 0.65543816 | P11: =K11-N11 -> 98.852224 | Q11: =(K11/J11)-(N11/M11) -> 0.29680233 | R11: =VLOOKUP($A11,'[1]直收代收-26应收减免 (调整)'!$A$27:$K$42,9,0) -> 256.11729 | S11: =VLOOKUP($A11,'[1]直收代收-26应收减免 (调整)'!$A$27:$K$42,10,0) -> 219.55859 | T11: =IF(R11>0,S11/R11,"——") -> 0.85725799 | U11: =VLOOKUP($A11,'[1]直收代收-25应收减免（调整）'!$A$27:$K$42,9,0) -> 262.49448 | V11: =VLOOKUP($A11,'[1]直收代收-25应收减免（调整）'!$A$27:$K$42,10,0) -> 193.9399 | W11: =IF(U11>0,V11/U11,"——") -> 0.73883423 | X11: =S11-V11 -> 25.618686 | Y11: =(S11/R11)-(V11/U11) -> 0.11842376 | Z11: =B11+J11+R11 -> 3428.3911 | AA11: =C11+K11+S11 -> 2619.8636 | AB11: =IF(Z11>0,AA11/Z11,"——") -> 0.7641671 | AC11: =E11+M11+U11 -> 3625.8995 | AD11: =F11+N11+V11 -> 2532.5371 | AE11: =IF(AC11>0,AD11/AC11,"——") -> 0.6984576 | AF11: =AA11-AD11 -> 87.326581 | AG11: =(AA11/Z11)-(AD11/AC11) -> 0.065709503 | AH11: A区收费进度较慢
A12: 宁波 | B12: =VLOOKUP($A12,'[1]直收代收-26应收减免 (调整)'!$A$27:$K$42,3,0) -> 5529.1448 | C12: =VLOOKUP($A12,'[1]直收代收-26应收减免 (调整)'!$A$27:$K$42,4,0) -> 3555.1314 | D12: =IF(B12>0,C12/B12,"——") -> 0.64298035 | E12: =VLOOKUP($A12,'[1]直收代收-25应收减免（调整）'!$A$27:$K$42,3,0) -> 5510.9037 | F12: =VLOOKUP($A12,'[1]直收代收-25应收减免（调整）'!$A$27:$K$42,4,0) -> 3813.9914 | G12: =IF(E12>0,F12/E12,"——") -> 0.69208094 | H12: =C12-F12 -> -258.86001 | I12: =D12-G12 -> -0.049100596 | J12: =VLOOKUP($A12,'[1]直收代收-26应收减免 (调整)'!$A$27:$K$42,6,0) -> 466.48441 | K12: =VLOOKUP($A12,'[1]直收代收-26应收减免 (调整)'!$A$27:$K$42,7,0) -> 446.78034 | L12: =IF(J12>0,K12/J12,"——") -> 0.95776049 | M12: =VLOOKUP($A12,'[1]直收代收-25应收减免（调整）'!$A$27:$K$42,6,0) -> 533.62792 | N12: =VLOOKUP($A12,'[1]直收代收-25应收减免（调整）'!$A$27:$K$42,7,0) -> 494.90902 | O12: =IF(M12>0,N12/M12,"——") -> 0.92744214 | P12: =K12-N12 -> -48.128678 | Q12: =(K12/J12)-(N12/M12) -> 0.030318345 | R12: =VLOOKUP($A12,'[1]直收代收-26应收减免 (调整)'!$A$27:$K$42,9,0) -> 832.77407 | S12: =VLOOKUP($A12,'[1]直收代收-26应收减免 (调整)'!$A$27:$K$42,10,0) -> 699.32551 | T12: =IF(R12>0,S12/R12,"——") -> 0.83975419 | U12: =VLOOKUP($A12,'[1]直收代收-25应收减免（调整）'!$A$27:$K$42,9,0) -> 777.97955 | V12: =VLOOKUP($A12,'[1]直收代收-25应收减免（调整）'!$A$27:$K$42,10,0) -> 807.18764 | W12: =IF(U12>0,V12/U12,"——") -> 1.0375435 | X12: =S12-V12 -> -107.86213 | Y12: =(S12/R12)-(V12/U12) -> -0.19778933 | Z12: =B12+J12+R12 -> 6828.4032 | AA12: =C12+K12+S12 -> 4701.2373 | AB12: =IF(Z12>0,AA12/Z12,"——") -> 0.68848267 | AC12: =E12+M12+U12 -> 6822.5112 | AD12: =F12+N12+V12 -> 5116.0881 | AE12: =IF(AC12>0,AD12/AC12,"——") -> 0.74988343 | AF12: =AA12-AD12 -> -414.85082 | AG12: =(AA12/Z12)-(AD12/AC12) -> -0.061400766 | AH12: 1. 直收：空置房、管委会未缴费 2. 其他：5间经营用房退租
A13: 小计 | B13: =SUM(B6:B12) -> 28815.39 | C13: =SUM(C6:C12) -> 21639.671 | D13: =C13/B13 -> 0.75097617 | E13: =SUM(E6:E12) -> 29089.27 | F13: =SUM(F6:F12) -> 22111.91 | G13: =F13/E13 -> 0.76013975 | H13: =SUM(H6:H12) -> -472.23939 | I13: =D13-G13 -> -0.0091635847 | J13: =SUM(J6:J12) -> 6470.9621 | K13: =SUM(K6:K12) -> 6249.2292 | L13: =K13/J13 -> 0.96573417 | M13: =SUM(M6:M12) -> 7013.3527 | N13: =SUM(N6:N12) -> 6441.7161 | O13: =N13/M13 -> 0.9184931 | P13: =SUM(P6:P12) -> -192.48693 | Q13: =L13-O13 -> 0.047241071 | R13: =SUM(R6:R12) -> 3399.9706 | S13: =SUM(S6:S12) -> 2946.3142 | T13: =S13/R13 -> 0.8665705 | U13: =SUM(U6:U12) -> 3429.4965 | V13: =SUM(V6:V12) -> 3123.5494 | W13: =V13/U13 -> 0.9107895 | X13: =SUM(X6:X12) -> -177.23525 | Y13: =T13-W13 -> -0.044219003 | Z13: =SUM(Z6:Z12) -> 38686.322 | AA13: =SUM(AA6:AA12) -> 30835.214 | AB13: =AA13/Z13 -> 0.79705727 | AC13: =SUM(AC6:AC12) -> 39532.119 | AD13: =SUM(AD6:AD12) -> 31677.176 | AE13: =AD13/AC13 -> 0.80130225 | AF13: =SUM(AF6:AF12) -> -841.96157 | AG13: =AB13-AE13 -> -0.0042449823
A14: 昆明 | B14: =VLOOKUP($A14,'[1]直收代收-26应收减免 (调整)'!$A$27:$K$42,3,0) -> 2277.0127 | C14: =VLOOKUP($A14,'[1]直收代收-26应收减免 (调整)'!$A$27:$K$42,4,0) -> 2048.9924 | D14: =IF(B14>0,C14/B14,"——") -> 0.89985988 | E14: =VLOOKUP($A14,'[1]直收代收-25应收减免（调整）'!$A$27:$K$42,3,0) -> 2202.1173 | F14: =VLOOKUP($A14,'[1]直收代收-25应收减免（调整）'!$A$27:$K$42,4,0) -> 1990.2533 | G14: =IF(E14>0,F14/E14,"——") -> 0.90379074 | H14: =C14-F14 -> 58.739099 | I14: =D14-G14 -> -0.003930865 | J14: =VLOOKUP($A14,'[1]直收代收-26应收减免 (调整)'!$A$27:$K$42,6,0) -> 662.30594 | K14: =VLOOKUP($A14,'[1]直收代收-26应收减免 (调整)'!$A$27:$K$42,7,0) -> 632.49948 | L14: =IF(J14>0,K14/J14,"——") -> 0.95499593 | M14: =VLOOKUP($A14,'[1]直收代收-25应收减免（调整）'!$A$27:$K$42,6,0) -> 654.62048 | N14: =VLOOKUP($A14,'[1]直收代收-25应收减免（调整）'!$A$27:$K$42,7,0) -> 644.47947 | O14: =IF(M14>0,N14/M14,"——") -> 0.98450856 | P14: =K14-N14 -> -11.979989 | Q14: =(K14/J14)-(N14/M14) -> -0.029512637 | R14: =VLOOKUP($A14,'[1]直收代收-26应收减免 (调整)'!$A$27:$K$42,9,0) -> 1211.158 | S14: =VLOOKUP($A14,'[1]直收代收-26应收减免 (调整)'!$A$27:$K$42,10,0) -> 1095.2975 | T14: =IF(R14>0,S14/R14,"——") -> 0.90433911 | U14: =VLOOKUP($A14,'[1]直收代收-25应收减免（调整）'!$A$27:$K$42,9,0) -> 1207.0436 | V14: =VLOOKUP($A14,'[1]直收代收-25应收减免（调整）'!$A$27:$K$42,10,0) -> 1090.4601 | W14: =IF(U14>0,V14/U14,"——") -> 0.90341402 | X14: =S14-V14 -> 4.837409 | Y14: =(S14/R14)-(V14/U14) -> 0.00092509319 | Z14: =B14+J14+R14 -> 4150.4766 | AA14: =C14+K14+S14 -> 3776.7894 | AB14: =IF(Z14>0,AA14/Z14,"——") -> 0.90996522 | AC14: =E14+M14+U14 -> 4063.7814 | AD14: =F14+N14+V14 -> 3725.1928 | AE14: =IF(AC14>0,AD14/AC14,"——") -> 0.9166814 | AF14: =AA14-AD14 -> 51.596519 | AG14: =(AA14/Z14)-(AD14/AC14) -> -0.0067161792 | AH14: 铁塔、联通电费未支付
A15: 闽江 | B15: =VLOOKUP($A15,'[1]直收代收-26应收减免 (调整)'!$A$27:$K$42,3,0) -> 2005.3989 | C15: =VLOOKUP($A15,'[1]直收代收-26应收减免 (调整)'!$A$27:$K$42,4,0) -> 1489.7352 | D15: =IF(B15>0,C15/B15,"——") -> 0.74286229 | E15: =VLOOKUP($A15,'[1]直收代收-25应收减免（调整）'!$A$27:$K$42,3,0) -> 2007.8047 | F15: =VLOOKUP($A15,'[1]直收代收-25应收减免（调整）'!$A$27:$K$42,4,0) -> 1512.6196 | G15: =IF(E15>0,F15/E15,"——") -> 0.75336986 | H15: =C15-F15 -> -22.884387 | I15: =D15-G15 -> -0.010507578 | J15: =VLOOKUP($A15,'[1]直收代收-26应收减免 (调整)'!$A$27:$K$42,6,0) -> 615.43268 | K15: =VLOOKUP($A15,'[1]直收代收-26应收减免 (调整)'!$A$27:$K$42,7,0) -> 463.46042 | L15: =IF(J15>0,K15/J15,"——") -> 0.75306437 | M15: =VLOOKUP($A15,'[1]直收代收-25应收减免（调整）'!$A$27:$K$42,6,0) -> 598.10168 | N15: =VLOOKUP($A15,'[1]直收代收-25应收减免（调整）'!$A$27:$K$42,7,0) -> 462.58245 | O15: =IF(M15>0,N15/M15,"——") -> 0.77341774 | P15: =K15-N15 -> 0.877977 | Q15: =(K15/J15)-(N15/M15) -> -0.020353366 | R15: =VLOOKUP($A15,'[1]直收代收-26应收减免 (调整)'!$A$27:$K$42,9,0) -> 188.2212 | S15: =VLOOKUP($A15,'[1]直收代收-26应收减免 (调整)'!$A$27:$K$42,10,0) -> 169.49157 | T15: =IF(R15>0,S15/R15,"——") -> 0.90049142 | U15: =VLOOKUP($A15,'[1]直收代收-25应收减免（调整）'!$A$27:$K$42,9,0) -> 190.40211 | V15: =VLOOKUP($A15,'[1]直收代收-25应收减免（调整）'!$A$27:$K$42,10,0) -> 181.23433 | W15: =IF(U15>0,V15/U15,"——") -> 0.95185042 | X15: =S15-V15 -> -11.742754 | Y15: =(S15/R15)-(V15/U15) -> -0.051358998 | Z15: =B15+J15+R15 -> 2809.0528 | AA15: =C15+K15+S15 -> 2122.6872 | AB15: =IF(Z15>0,AA15/Z15,"——") -> 0.75565943 | AC15: =E15+M15+U15 -> 2796.3085 | AD15: =F15+N15+V15 -> 2156.4364 | AE15: =IF(AC15>0,AD15/AC15,"——") -> 0.77117254 | AF15: =AA15-AD15 -> -33.749164 | AG15: =(AA15/Z15)-(AD15/AC15) -> -0.015513117 | AH15: 1. 代收：宜宅充电桩电费未付 2. 其他：电梯广告费未付
A16: 罗源 | B16: =VLOOKUP($A16,'[1]直收代收-26应收减免 (调整)'!$A$27:$K$42,3,0) -> 3377.5034 | C16: =VLOOKUP($A16,'[1]直收代收-26应收减免 (调整)'!$A$27:$K$42,4,0) -> 2494.5969 | D16: =IF(B16>0,C16/B16,"——") -> 0.73859198 | E16: =VLOOKUP($A16,'[1]直收代收-25应收减免（调整）'!$A$27:$K$42,3,0) -> 3338.2086 | F16: =VLOOKUP($A16,'[1]直收代收-25应收减免（调整）'!$A$27:$K$42,4,0) -> 2464.5187 | G16: =IF(E16>0,F16/E16,"——") -> 0.73827581 | H16: =C16-F16 -> 30.078263 | I16: =D16-G16 -> 0.00031617385 | J16: =VLOOKUP($A16,'[1]直收代收-26应收减免 (调整)'!$A$27:$K$42,6,0) -> 1048.3324 | K16: =VLOOKUP($A16,'[1]直收代收-26应收减免 (调整)'!$A$27:$K$42,7,0) -> 708.31443 | L16: =IF(J16>0,K16/J16,"——") -> 0.67565827 | M16: =VLOOKUP($A16,'[1]直收代收-25应收减免（调整）'!$A$27:$K$42,6,0) -> 978.79424 | N16: =VLOOKUP($A16,'[1]直收代收-25应收减免（调整）'!$A$27:$K$42,7,0) -> 596.68213 | O16: =IF(M16>0,N16/M16,"——") -> 0.60960936 | P16: =K16-N16 -> 111.6323 | Q16: =(K16/J16)-(N16/M16) -> 0.066048906 | R16: =VLOOKUP($A16,'[1]直收代收-26应收减免 (调整)'!$A$27:$K$42,9,0) -> 501.83068 | S16: =VLOOKUP($A16,'[1]直收代收-26应收减免 (调整)'!$A$27:$K$42,10,0) -> 488.46727 | T16: =IF(R16>0,S16/R16,"——") -> 0.97337068 | U16: =VLOOKUP($A16,'[1]直收代收-25应收减免（调整）'!$A$27:$K$42,9,0) -> 462.78532 | V16: =VLOOKUP($A16,'[1]直收代收-25应收减免（调整）'!$A$27:$K$42,10,0) -> 460.02168 | W16: =IF(U16>0,V16/U16,"——") -> 0.99402824 | X16: =S16-V16 -> 28.445591 | Y16: =(S16/R16)-(V16/U16) -> -0.020657562 | Z16: =B16+J16+R16 -> 4927.6664 | AA16: =C16+K16+S16 -> 3691.3786 | AB16: =IF(Z16>0,AA16/Z16,"——") -> 0.74911293 | AC16: =E16+M16+U16 -> 4779.7882 | AD16: =F16+N16+V16 -> 3521.2225 | AE16: =IF(AC16>0,AD16/AC16,"——") -> 0.73669007 | AF16: =AA16-AD16 -> 170.15616 | AG16: =(AA16/Z16)-(AD16/AC16) -> 0.012422859
A17: 腾冲 | B17: =VLOOKUP($A17,'[1]直收代收-26应收减免 (调整)'!$A$27:$K$42,3,0) -> 906.18361 | C17: =VLOOKUP($A17,'[1]直收代收-26应收减免 (调整)'!$A$27:$K$42,4,0) -> 546.73595 | D17: =IF(B17>0,C17/B17,"——") -> 0.60333904 | E17: =VLOOKUP($A17,'[1]直收代收-25应收减免（调整）'!$A$27:$K$42,3,0) -> 912.73567 | F17: =VLOOKUP($A17,'[1]直收代收-25应收减免（调整）'!$A$27:$K$42,4,0) -> 548.71593 | G17: =IF(E17>0,F17/E17,"——") -> 0.60117726 | H17: =C17-F17 -> -1.979978 | I17: =D17-G17 -> 0.002161784 | J17: =VLOOKUP($A17,'[1]直收代收-26应收减免 (调整)'!$A$27:$K$42,6,0) -> 457.54328 | K17: =VLOOKUP($A17,'[1]直收代收-26应收减免 (调整)'!$A$27:$K$42,7,0) -> 414.43851 | L17: =IF(J17>0,K17/J17,"——") -> 0.90579084 | M17: =VLOOKUP($A17,'[1]直收代收-25应收减免（调整）'!$A$27:$K$42,6,0) -> 468.84962 | N17: =VLOOKUP($A17,'[1]直收代收-25应收减免（调整）'!$A$27:$K$42,7,0) -> 407.03753 | O17: =IF(M17>0,N17/M17,"——") -> 0.86816222 | P17: =K17-N17 -> 7.400981 | Q17: =(K17/J17)-(N17/M17) -> 0.037628619 | R17: =VLOOKUP($A17,'[1]直收代收-26应收减免 (调整)'!$A$27:$K$42,9,0) -> 240.37102 | S17: =VLOOKUP($A17,'[1]直收代收-26应收减免 (调整)'!$A$27:$K$42,10,0) -> 239.45212 | T17: =IF(R17>0,S17/R17,"——") -> 0.99617716 | U17: =VLOOKUP($A17,'[1]直收代收-25应收减免（调整）'!$A$27:$K$42,9,0) -> 294.13393 | V17: =VLOOKUP($A17,'[1]直收代收-25应收减免（调整）'!$A$27:$K$42,10,0) -> 286.65137 | W17: =IF(U17>0,V17/U17,"——") -> 0.9745607 | X17: =S17-V17 -> -47.199244 | Y17: =(S17/R17)-(V17/U17) -> 0.021616459 | Z17: =B17+J17+R17 -> 1604.0979 | AA17: =C17+K17+S17 -> 1200.6266 | AB17: =IF(Z17>0,AA17/Z17,"——") -> 0.74847463 | AC17: =E17+M17+U17 -> 1675.7192 | AD17: =F17+N17+V17 -> 1242.4048 | AE17: =IF(AC17>0,AD17/AC17,"——") -> 0.74141587 | AF17: =AA17-AD17 -> -41.778241 | AG17: =(AA17/Z17)-(AD17/AC17) -> 0.0070587564
A18: 连江 | B18: =VLOOKUP($A18,'[1]直收代收-26应收减免 (调整)'!$A$27:$K$42,3,0) -> 3371.7184 | C18: =VLOOKUP($A18,'[1]直收代收-26应收减免 (调整)'!$A$27:$K$42,4,0) -> 2046.9129 | D18: =IF(B18>0,C18/B18,"——") -> 0.607083 | E18: =VLOOKUP($A18,'[1]直收代收-25应收减免（调整）'!$A$27:$K$42,3,0) -> 3361.7546 | F18: =VLOOKUP($A18,'[1]直收代收-25应收减免（调整）'!$A$27:$K$42,4,0) -> 2073.3159 | G18: =IF(E18>0,F18/E18,"——") -> 0.61673624 | H18: =C18-F18 -> -26.402966 | I18: =D18-G18 -> -0.009653242 | J18: =VLOOKUP($A18,'[1]直收代收-26应收减免 (调整)'!$A$27:$K$42,6,0) -> 894.11486 | K18: =VLOOKUP($A18,'[1]直收代收-26应收减免 (调整)'!$A$27:$K$42,7,0) -> 599.97527 | L18: =IF(J18>0,K18/J18,"——") -> 0.67102706 | M18: =VLOOKUP($A18,'[1]直收代收-25应收减免（调整）'!$A$27:$K$42,6,0) -> 887.16249 | N18: =VLOOKUP($A18,'[1]直收代收-25应收减免（调整）'!$A$27:$K$42,7,0) -> 548.78193 | O18: =IF(M18>0,N18/M18,"——") -> 0.61858107 | P18: =K18-N18 -> 51.193339 | Q18: =(K18/J18)-(N18/M18) -> 0.052445983 | R18: =VLOOKUP($A18,'[1]直收代收-26应收减免 (调整)'!$A$27:$K$42,9,0) -> 341.09031 | S18: =VLOOKUP($A18,'[1]直收代收-26应收减免 (调整)'!$A$27:$K$42,10,0) -> 326.63433 | T18: =IF(R18>0,S18/R18,"——") -> 0.95761834 | U18: =VLOOKUP($A18,'[1]直收代收-25应收减免（调整）'!$A$27:$K$42,9,0) -> 324.80467 | V18: =VLOOKUP($A18,'[1]直收代收-25应收减免（调整）'!$A$27:$K$42,10,0) -> 310.04824 | W18: =IF(U18>0,V18/U18,"——") -> 0.95456827 | X18: =S18-V18 -> 16.586097 | Y18: =(S18/R18)-(V18/U18) -> 0.0030500646 | Z18: =B18+J18+R18 -> 4606.9236 | AA18: =C18+K18+S18 -> 2973.5225 | AB18: =IF(Z18>0,AA18/Z18,"——") -> 0.64544646 | AC18: =E18+M18+U18 -> 4573.7217 | AD18: =F18+N18+V18 -> 2932.1461 | AE18: =IF(AC18>0,AD18/AC18,"——") -> 0.64108536 | AF18: =AA18-AD18 -> 41.37647 | AG18: =(AA18/Z18)-(AD18/AC18) -> 0.0043611027
A19: 版纳 | B19: =VLOOKUP($A19,'[1]直收代收-26应收减免 (调整)'!$A$27:$K$42,3,0) -> 1083.0994 | C19: =VLOOKUP($A19,'[1]直收代收-26应收减免 (调整)'!$A$27:$K$42,4,0) -> 620.74613 | D19: =IF(B19>0,C19/B19,"——") -> 0.57312021 | E19: =VLOOKUP($A19,'[1]直收代收-25应收减免（调整）'!$A$27:$K$42,3,0) -> 1064.9533 | F19: =VLOOKUP($A19,'[1]直收代收-25应收减免（调整）'!$A$27:$K$42,4,0) -> 590.84776 | G19: =IF(E19>0,F19/E19,"——") -> 0.55481095 | H19: =C19-F19 -> 29.898369 | I19: =D19-G19 -> 0.018309261 | J19: =VLOOKUP($A19,'[1]直收代收-26应收减免 (调整)'!$A$27:$K$42,6,0) -> 247.83558 | K19: =VLOOKUP($A19,'[1]直收代收-26应收减免 (调整)'!$A$27:$K$42,7,0) -> 191.32694 | L19: =IF(J19>0,K19/J19,"——") -> 0.77199142 | M19: =VLOOKUP($A19,'[1]直收代收-25应收减免（调整）'!$A$27:$K$42,6,0) -> 255.4009 | N19: =VLOOKUP($A19,'[1]直收代收-25应收减免（调整）'!$A$27:$K$42,7,0) -> 181.35517 | O19: =IF(M19>0,N19/M19,"——") -> 0.71008037 | P19: =K19-N19 -> 9.971775 | Q19: =(K19/J19)-(N19/M19) -> 0.061911055 | R19: =VLOOKUP($A19,'[1]直收代收-26应收减免 (调整)'!$A$27:$K$42,9,0) -> 372.63516 | S19: =VLOOKUP($A19,'[1]直收代收-26应收减免 (调整)'!$A$27:$K$42,10,0) -> 201.46406 | T19: =IF(R19>0,S19/R19,"——") -> 0.54064694 | U19: =VLOOKUP($A19,'[1]直收代收-25应收减免（调整）'!$A$27:$K$42,9,0) -> 369.57058 | V19: =VLOOKUP($A19,'[1]直收代收-25应收减免（调整）'!$A$27:$K$42,10,0) -> 168.96889 | W19: =IF(U19>0,V19/U19,"——") -> 0.45720331 | X19: =S19-V19 -> 32.495165 | Y19: =(S19/R19)-(V19/U19) -> 0.083443628 | Z19: =B19+J19+R19 -> 1703.5701 | AA19: =C19+K19+S19 -> 1013.5371 | AB19: =IF(Z19>0,AA19/Z19,"——") -> 0.59494889 | AC19: =E19+M19+U19 -> 1689.9248 | AD19: =F19+N19+V19 -> 941.17182 | AE19: =IF(AC19>0,AD19/AC19,"——") -> 0.55693119 | AF19: =AA19-AD19 -> 72.365309 | AG19: =(AA19/Z19)-(AD19/AC19) -> 0.038017702
A20: 小计 | B20: =SUM(B14:B19) -> 13020.916 | C20: =SUM(C14:C19) -> 9247.7195 | D20: =C20/B20 -> 0.71022033 | E20: =SUM(E14:E19) -> 12887.574 | F20: =SUM(F14:F19) -> 9180.2711 | G20: =F20/E20 -> 0.71233507 | H20: =SUM(H14:H19) -> 67.4484 | I20: =D20-G20 -> -0.0021147384 | J20: =SUM(J14:J19) -> 3925.5647 | K20: =SUM(K14:K19) -> 3010.0151 | L20: =K20/J20 -> 0.7667725 | M20: =SUM(M14:M19) -> 3842.9294 | N20: =SUM(N14:N19) -> 2840.9187 | O20: =N20/M20 -> 0.73925861 | P20: =SUM(P14:P19) -> 169.09639 | Q20: =L20-O20 -> 0.027513882 | R20: =SUM(R14:R19) -> 2855.3063 | S20: =SUM(S14:S19) -> 2520.8069 | T20: =S20/R20 -> 0.88284989 | U20: =SUM(U14:U19) -> 2848.7402 | V20: =SUM(V14:V19) -> 2497.3846 | W20: =V20/U20 -> 0.87666282 | X20: =SUM(X14:X19) -> 23.422264 | Y20: =T20-W20 -> 0.0061870737 | Z20: =SUM(Z14:Z19) -> 19801.787 | AA20: =SUM(AA14:AA19) -> 14778.541 | AB20: =AA20/Z20 -> 0.74632361 | AC20: =SUM(AC14:AC19) -> 19579.244 | AD20: =SUM(AD14:AD19) -> 14518.574 | AE20: =AD20/AC20 -> 0.74152886 | AF20: =SUM(AF14:AF19) -> 259.96705 | AG20: =AB20-AE20 -> 0.0047947504
A21: 合计 | B21: =B20+B13 -> 41836.306 | C21: =C20+C13 -> 30887.39 | D21: =C21/B21 -> 0.73829153 | E21: =E20+E13 -> 41976.844 | F21: =F20+F13 -> 31292.181 | G21: =F21/E21 -> 0.74546294 | H21: =H20+H13 -> -404.79099 | I21: =D21-G21 -> -0.0071714056 | J21: =J20+J13 -> 10396.527 | K21: =K20+K13 -> 9259.2442 | L21: =K21/J21 -> 0.89060938 | M21: =M20+M13 -> 10856.282 | N21: =N20+N13 -> 9282.6348 | O21: =N21/M21 -> 0.8550473 | P21: =P20+P13 -> -23.390548 | Q21: =L21-O21 -> 0.035562074 | R21: =R20+R13 -> 6255.2769 | S21: =S20+S13 -> 5467.1211 | T21: =S21/R21 -> 0.87400145 | U21: =U20+U13 -> 6278.2367 | V21: =V20+V13 -> 5620.934 | W21: =V21/U21 -> 0.89530457 | X21: =X20+X13 -> -153.81298 | Y21: =T21-W21 -> -0.021303122 | Z21: =Z20+Z13 -> 58488.11 | AA21: =AA20+AA13 -> 45613.756 | AB21: =AA21/Z21 -> 0.77988083 | AC21: =AC20+AC13 -> 59111.363 | AD21: =AD20+AD13 -> 46195.75 | AE21: =AD21/AC21 -> 0.78150372 | AF21: =AF20+AF13 -> -581.99452 | AG21: =AB21-AE21 -> -0.0016228905
A23: 当期收费简报-外拓
A24: · 收费率=实收/（应收-减免），各项数据为全口径
A25: 公司 | B25: 直收项（物、车） | J25: 代收项（代收水电、公摊水电） | R25: 其他项 | Z25: 合计 | AH25: 备注
B26: 2026年 | E26: 2025年 | H26: 同比 | J26: 2026年 | M26: 2025年 | P26: 同比 | R26: 2026年 | U26: 2025年 | X26: 同比 | Z26: 2026年 | AC26: 2025年 | AF26: 同比
B27: 应收 | C27: 实收 | D27: 收费率 | E27: 应收 | F27: 实收 | G27: 收费率 | H27: 实收 | I27: 收费率 | J27: 应收 | K27: 实收 | L27: 收费率 | M27: 应收 | N27: 实收 | O27: 收费率 | P27: 实收 | Q27: 收费率 | R27: 应收 | S27: 实收 | T27: 收费率 | U27: 应收 | V27: 实收 | W27: 收费率 | X27: 实收 | Y27: 收费率 | Z27: 应收 | AA27: 实收 | AB27: 收费率 | AC27: 应收 | AD27: 实收 | AE27: 收费率 | AF27: 实收 | AG27: 收费率
A28: 阜阳 | B28: =VLOOKUP($A28,'[1]直收代收-26应收减免 (调整)'!$O$27:$Y$42,3,0) -> 1166.3284 | C28: =VLOOKUP($A28,'[1]直收代收-26应收减免 (调整)'!$O$27:$Y$42,4,0) -> 748.71854 | D28: =IF(B28>0,C28/B28,"——") -> 0.64194487 | E28: =VLOOKUP($A28,'[1]直收代收-25应收减免（调整）'!$O$27:$Y$42,3,0) -> 452.38797 | F28: =VLOOKUP($A28,'[1]直收代收-25应收减免（调整）'!$O$27:$Y$42,4,0) -> 236.21872 | G28: =IF(E28>0,F28/E28,"——") -> 0.5221596 | H28: =C28-F28 -> 512.49982 | I28: =D28-G28 -> 0.11978527 | J28: =VLOOKUP($A28,'[1]直收代收-26应收减免 (调整)'!$O$27:$Y$42,6,0) -> 24.571322 | K28: =VLOOKUP($A28,'[1]直收代收-26应收减免 (调整)'!$O$27:$Y$42,7,0) -> 24.571322 | L28: =IF(J28>0,K28/J28,"——") -> 1 | M28: =VLOOKUP($A28,'[1]直收代收-25应收减免（调整）'!$O$27:$Y$42,6,0) -> 112.10125 | N28: =VLOOKUP($A28,'[1]直收代收-25应收减免（调整）'!$O$27:$Y$42,7,0) -> 112.10125 | O28: =IF(M28>0,N28/M28,"——") -> 1 | P28: =K28-N28 -> -87.529924 | Q28: =(K28/J28)-(N28/M28) -> 0 | R28: =VLOOKUP($A28,'[1]直收代收-26应收减免 (调整)'!$O$27:$Y$42,9,0) -> 67.697682 | S28: =VLOOKUP($A28,'[1]直收代收-26应收减免 (调整)'!$O$27:$Y$42,10,0) -> 65.227095 | T28: =IF(R28>0,S28/R28,"——") -> 0.96350559 | U28: =VLOOKUP($A28,'[1]直收代收-25应收减免（调整）'!$O$27:$Y$42,9,0) -> 49.231262 | V28: =VLOOKUP($A28,'[1]直收代收-25应收减免（调整）'!$O$27:$Y$42,10,0) -> 41.618247 | W28: =IF(U28>0,V28/U28,"——") -> 0.84536218 | X28: =S28-V28 -> 23.608848 | Y28: =(S28/R28)-(V28/U28) -> 0.11814341 | Z28: =B28+J28+R28 -> 1258.5974 | AA28: =C28+K28+S28 -> 838.51696 | AB28: =IF(Z28>0,AA28/Z28,"——") -> 0.66623127 | AC28: =E28+M28+U28 -> 613.72048 | AD28: =F28+N28+V28 -> 389.93822 | AE28: =IF(AC28>0,AD28/AC28,"——") -> 0.63536778 | AF28: =AA28-AD28 -> 448.57874 | AG28: =(AA28/Z28)-(AD28/AC28) -> 0.030863497
A29: 北京 | B29: =VLOOKUP($A29,'[1]直收代收-26应收减免 (调整)'!$O$27:$Y$42,3,0) -> 3759.518 | C29: =VLOOKUP($A29,'[1]直收代收-26应收减免 (调整)'!$O$27:$Y$42,4,0) -> 2216.7359 | D29: =IF(B29>0,C29/B29,"——") -> 0.589633 | E29: =VLOOKUP($A29,'[1]直收代收-25应收减免（调整）'!$O$27:$Y$42,3,0) -> 3360.0445 | F29: =VLOOKUP($A29,'[1]直收代收-25应收减免（调整）'!$O$27:$Y$42,4,0) -> 1912.3776 | G29: =IF(E29>0,F29/E29,"——") -> 0.56915248 | H29: =C29-F29 -> 304.35827 | I29: =D29-G29 -> 0.020480528 | J29: =VLOOKUP($A29,'[1]直收代收-26应收减免 (调整)'!$O$27:$Y$42,6,0) -> 233.38613 | K29: =VLOOKUP($A29,'[1]直收代收-26应收减免 (调整)'!$O$27:$Y$42,7,0) -> 166.35772 | L29: =IF(J29>0,K29/J29,"——") -> 0.71280035 | M29: =VLOOKUP($A29,'[1]直收代收-25应收减免（调整）'!$O$27:$Y$42,6,0) -> 165.45434 | N29: =VLOOKUP($A29,'[1]直收代收-25应收减免（调整）'!$O$27:$Y$42,7,0) -> 145.66614 | O29: =IF(M29>0,N29/M29,"——") -> 0.88040083 | P29: =K29-N29 -> 20.691577 | Q29: =(K29/J29)-(N29/M29) -> -0.16760049 | R29: =VLOOKUP($A29,'[1]直收代收-26应收减免 (调整)'!$O$27:$Y$42,9,0) -> 137.32197 | S29: =VLOOKUP($A29,'[1]直收代收-26应收减免 (调整)'!$O$27:$Y$42,10,0) -> 131.76753 | T29: =IF(R29>0,S29/R29,"——") -> 0.95955167 | U29: =VLOOKUP($A29,'[1]直收代收-25应收减免（调整）'!$O$27:$Y$42,9,0) -> 151.47638 | V29: =VLOOKUP($A29,'[1]直收代收-25应收减免（调整）'!$O$27:$Y$42,10,0) -> 148.03244 | W29: =IF(U29>0,V29/U29,"——") -> 0.97726416 | X29: =S29-V29 -> -16.264911 | Y29: =(S29/R29)-(V29/U29) -> -0.017712493 | Z29: =B29+J29+R29 -> 4130.2261 | AA29: =C29+K29+S29 -> 2514.8612 | AB29: =IF(Z29>0,AA29/Z29,"——") -> 0.60889188 | AC29: =E29+M29+U29 -> 3676.9752 | AD29: =F29+N29+V29 -> 2206.0762 | AE29: =IF(AC29>0,AD29/AC29,"——") -> 0.59997038 | AF29: =AA29-AD29 -> 308.78494 | AG29: =(AA29/Z29)-(AD29/AC29) -> 0.0089214987
A30: 北城 | B30: =VLOOKUP($A30,'[1]直收代收-26应收减免 (调整)'!$O$27:$Y$42,3,0) -> 1999.2584 | C30: =VLOOKUP($A30,'[1]直收代收-26应收减免 (调整)'!$O$27:$Y$42,4,0) -> 920.05044 | D30: =IF(B30>0,C30/B30,"——") -> 0.46019587 | E30: =VLOOKUP($A30,'[1]直收代收-25应收减免（调整）'!$O$27:$Y$42,3,0) -> 1972.7428 | F30: =VLOOKUP($A30,'[1]直收代收-25应收减免（调整）'!$O$27:$Y$42,4,0) -> 853.77089 | G30: =IF(E30>0,F30/E30,"——") -> 0.43278368 | H30: =C30-F30 -> 66.27955 | I30: =D30-G30 -> 0.027412182 | J30: =VLOOKUP($A30,'[1]直收代收-26应收减免 (调整)'!$O$27:$Y$42,6,0) -> 604.1003 | K30: =VLOOKUP($A30,'[1]直收代收-26应收减免 (调整)'!$O$27:$Y$42,7,0) -> 584.99262 | L30: =IF(J30>0,K30/J30,"——") -> 0.96837002 | M30: =VLOOKUP($A30,'[1]直收代收-25应收减免（调整）'!$O$27:$Y$42,6,0) -> 608.04232 | N30: =VLOOKUP($A30,'[1]直收代收-25应收减免（调整）'!$O$27:$Y$42,7,0) -> 587.65073 | O30: =IF(M30>0,N30/M30,"——") -> 0.96646354 | P30: =K30-N30 -> -2.658112 | Q30: =(K30/J30)-(N30/M30) -> 0.0019064776 | R30: =VLOOKUP($A30,'[1]直收代收-26应收减免 (调整)'!$O$27:$Y$42,9,0) -> 193.1276 | S30: =VLOOKUP($A30,'[1]直收代收-26应收减免 (调整)'!$O$27:$Y$42,10,0) -> 160.70092 | T30: =IF(R30>0,S30/R30,"——") -> 0.83209714 | U30: =VLOOKUP($A30,'[1]直收代收-25应收减免（调整）'!$O$27:$Y$42,9,0) -> 203.43888 | V30: =VLOOKUP($A30,'[1]直收代收-25应收减免（调整）'!$O$27:$Y$42,10,0) -> 174.02392 | W30: =IF(U30>0,V30/U30,"——") -> 0.8554113 | X30: =S30-V30 -> -13.322998 | Y30: =(S30/R30)-(V30/U30) -> -0.023314159 | Z30: =B30+J30+R30 -> 2796.4863 | AA30: =C30+K30+S30 -> 1665.744 | AB30: =IF(Z30>0,AA30/Z30,"——") -> 0.59565606 | AC30: =E30+M30+U30 -> 2784.224 | AD30: =F30+N30+V30 -> 1615.4455 | AE30: =IF(AC30>0,AD30/AC30,"——") -> 0.58021393 | AF30: =AA30-AD30 -> 50.29844 | AG30: =(AA30/Z30)-(AD30/AC30) -> 0.015442124
A31: 宁波 | B31: =VLOOKUP($A31,'[1]直收代收-26应收减免 (调整)'!$O$27:$Y$42,3,0) -> 95.023644 | C31: =VLOOKUP($A31,'[1]直收代收-26应收减免 (调整)'!$O$27:$Y$42,4,0) -> 53.575039 | D31: =IF(B31>0,C31/B31,"——") -> 0.56380746 | E31: =VLOOKUP($A31,'[1]直收代收-25应收减免（调整）'!$O$27:$Y$42,3,0) -> 387.75247 | F31: =VLOOKUP($A31,'[1]直收代收-25应收减免（调整）'!$O$27:$Y$42,4,0) -> 210.70455 | G31: =IF(E31>0,F31/E31,"——") -> 0.54339962 | H31: =C31-F31 -> -157.12951 | I31: =D31-G31 -> 0.020407835 | J31: =VLOOKUP($A31,'[1]直收代收-26应收减免 (调整)'!$O$27:$Y$42,6,0) -> 0.05448 | K31: =VLOOKUP($A31,'[1]直收代收-26应收减免 (调整)'!$O$27:$Y$42,7,0) -> 0.05448 | L31: =IF(J31>0,K31/J31,"——") -> 1 | M31: =VLOOKUP($A31,'[1]直收代收-25应收减免（调整）'!$O$27:$Y$42,6,0) -> 1.78356 | N31: =VLOOKUP($A31,'[1]直收代收-25应收减免（调整）'!$O$27:$Y$42,7,0) -> 1.532574 | O31: =IF(M31>0,N31/M31,"——") -> 0.85927807 | P31: =K31-N31 -> -1.478094 | Q31: =(K31/J31)-(N31/M31) -> 0.14072193 | R31: =VLOOKUP($A31,'[1]直收代收-26应收减免 (调整)'!$O$27:$Y$42,9,0) -> 0 | S31: =VLOOKUP($A31,'[1]直收代收-26应收减免 (调整)'!$O$27:$Y$42,10,0) -> 0 | T31: =IF(R31>0,S31/R31,"——") -> —— | U31: =VLOOKUP($A31,'[1]直收代收-25应收减免（调整）'!$O$27:$Y$42,9,0) -> 0.7875 | V31: =VLOOKUP($A31,'[1]直收代收-25应收减免（调整）'!$O$27:$Y$42,10,0) -> 0.1375 | W31: =IF(U31>0,V31/U31,"——") -> 0.17460317 | X31: =S31-V31 -> -0.1375 | Y31: —— | Z31: =B31+J31+R31 -> 95.078124 | AA31: =C31+K31+S31 -> 53.629519 | AB31: =IF(Z31>0,AA31/Z31,"——") -> 0.5640574 | AC31: =E31+M31+U31 -> 390.32353 | AD31: =F31+N31+V31 -> 212.37462 | AE31: =IF(AC31>0,AD31/AC31,"——") -> 0.54409894 | AF31: =AA31-AD31 -> -158.7451 | AG31: =(AA31/Z31)-(AD31/AC31) -> 0.019958454
A32: 滨湖 | B32: =VLOOKUP($A32,'[1]直收代收-26应收减免 (调整)'!$O$27:$Y$42,3,0) -> 1996.1443 | C32: =VLOOKUP($A32,'[1]直收代收-26应收减免 (调整)'!$O$27:$Y$42,4,0) -> 871.6537 | D32: =IF(B32>0,C32/B32,"——") -> 0.43666869 | E32: =VLOOKUP($A32,'[1]直收代收-25应收减免（调整）'!$O$27:$Y$42,3,0) -> 1566.7503 | F32: =VLOOKUP($A32,'[1]直收代收-25应收减免（调整）'!$O$27:$Y$42,4,0) -> 779.27128 | G32: =IF(E32>0,F32/E32,"——") -> 0.49738064 | H32: =C32-F32 -> 92.382421 | I32: =D32-G32 -> -0.060711951 | J32: =VLOOKUP($A32,'[1]直收代收-26应收减免 (调整)'!$O$27:$Y$42,6,0) -> 429.89566 | K32: =VLOOKUP($A32,'[1]直收代收-26应收减免 (调整)'!$O$27:$Y$42,7,0) -> 386.67495 | L32: =IF(J32>0,K32/J32,"——") -> 0.89946233 | M32: =VLOOKUP($A32,'[1]直收代收-25应收减免（调整）'!$O$27:$Y$42,6,0) -> 402.98143 | N32: =VLOOKUP($A32,'[1]直收代收-25应收减免（调整）'!$O$27:$Y$42,7,0) -> 367.8823 | O32: =IF(M32>0,N32/M32,"——") -> 0.91290137 | P32: =K32-N32 -> 18.792655 | Q32: =(K32/J32)-(N32/M32) -> -0.013439039 | R32: =VLOOKUP($A32,'[1]直收代收-26应收减免 (调整)'!$O$27:$Y$42,9,0) -> 163.93447 | S32: =VLOOKUP($A32,'[1]直收代收-26应收减免 (调整)'!$O$27:$Y$42,10,0) -> 160.54603 | T32: =IF(R32>0,S32/R32,"——") -> 0.9793305 | U32: =VLOOKUP($A32,'[1]直收代收-25应收减免（调整）'!$O$27:$Y$42,9,0) -> 226.64664 | V32: =VLOOKUP($A32,'[1]直收代收-25应收减免（调整）'!$O$27:$Y$42,10,0) -> 225.46931 | W32: =IF(U32>0,V32/U32,"——") -> 0.99480546 | X32: =S32-V32 -> -64.92328 | Y32: =(S32/R32)-(V32/U32) -> -0.015474952 | Z32: =B32+J32+R32 -> 2589.9744 | AA32: =C32+K32+S32 -> 1418.8747 | AB32: =IF(Z32>0,AA32/Z32,"——") -> 0.54783348 | AC32: =E32+M32+U32 -> 2196.3784 | AD32: =F32+N32+V32 -> 1372.6229 | AE32: =IF(AC32>0,AD32/AC32,"——") -> 0.62494828 | AF32: =AA32-AD32 -> 46.251796 | AG32: =(AA32/Z32)-(AD32/AC32) -> -0.077114798 | AH32: 5个单业权项目回款滞后
A33: 长沙 | B33: =VLOOKUP($A33,'[1]直收代收-26应收减免 (调整)'!$O$27:$Y$42,3,0) -> 945.11284 | C33: =VLOOKUP($A33,'[1]直收代收-26应收减免 (调整)'!$O$27:$Y$42,4,0) -> 427.05786 | D33: =IF(B33>0,C33/B33,"——") -> 0.45185913 | E33: =VLOOKUP($A33,'[1]直收代收-25应收减免（调整）'!$O$27:$Y$42,3,0) -> 587.93258 | F33: =VLOOKUP($A33,'[1]直收代收-25应收减免（调整）'!$O$27:$Y$42,4,0) -> 169.4299 | G33: =IF(E33>0,F33/E33,"——") -> 0.28817913 | H33: =C33-F33 -> 257.62796 | I33: =D33-G33 -> 0.16367999 | J33: =VLOOKUP($A33,'[1]直收代收-26应收减免 (调整)'!$O$27:$Y$42,6,0) -> 75.891009 | K33: =VLOOKUP($A33,'[1]直收代收-26应收减免 (调整)'!$O$27:$Y$42,7,0) -> 38.654907 | L33: =IF(J33>0,K33/J33,"——") -> 0.50934765 | M33: =VLOOKUP($A33,'[1]直收代收-25应收减免（调整）'!$O$27:$Y$42,6,0) -> 80.055814 | N33: =VLOOKUP($A33,'[1]直收代收-25应收减免（调整）'!$O$27:$Y$42,7,0) -> 70.415457 | O33: =IF(M33>0,N33/M33,"——") -> 0.87957955 | P33: =K33-N33 -> -31.76055 | Q33: =(K33/J33)-(N33/M33) -> -0.3702319 | R33: =VLOOKUP($A33,'[1]直收代收-26应收减免 (调整)'!$O$27:$Y$42,9,0) -> 13.968861 | S33: =VLOOKUP($A33,'[1]直收代收-26应收减免 (调整)'!$O$27:$Y$42,10,0) -> 10.459077 | T33: =IF(R33>0,S33/R33,"——") -> 0.74874229 | U33: =VLOOKUP($A33,'[1]直收代收-25应收减免（调整）'!$O$27:$Y$42,9,0) -> 35.415225 | V33: =VLOOKUP($A33,'[1]直收代收-25应收减免（调整）'!$O$27:$Y$42,10,0) -> 10.87223 | W33: =IF(U33>0,V33/U33,"——") -> 0.30699311 | X33: =S33-V33 -> -0.413153 | Y33: =(S33/R33)-(V33/U33) -> 0.44174918 | Z33: =B33+J33+R33 -> 1034.9727 | AA33: =C33+K33+S33 -> 476.17185 | AB33: =IF(Z33>0,AA33/Z33,"——") -> 0.46008155 | AC33: =E33+M33+U33 -> 703.40361 | AD33: =F33+N33+V33 -> 250.71759 | AE33: =IF(AC33>0,AD33/AC33,"——") -> 0.35643489 | AF33: =AA33-AD33 -> 225.45426 | AG33: =(AA33/Z33)-(AD33/AC33) -> 0.10364666 | AH33: 玺宇悦城开发商遗留问题影响收费
A34: 贵阳 | B34: =VLOOKUP($A34,'[1]直收代收-26应收减免 (调整)'!$O$27:$Y$42,3,0) -> 2771.7326 | C34: =VLOOKUP($A34,'[1]直收代收-26应收减免 (调整)'!$O$27:$Y$42,4,0) -> 1127.1737 | D34: =IF(B34>0,C34/B34,"——") -> 0.40666755 | E34: =VLOOKUP($A34,'[1]直收代收-25应收减免（调整）'!$O$27:$Y$42,3,0) -> 3560.4303 | F34: =VLOOKUP($A34,'[1]直收代收-25应收减免（调整）'!$O$27:$Y$42,4,0) -> 1979.0621 | G34: =IF(E34>0,F34/E34,"——") -> 0.55584913 | H34: =C34-F34 -> -851.88837 | I34: =D34-G34 -> -0.14918158 | J34: =VLOOKUP($A34,'[1]直收代收-26应收减免 (调整)'!$O$27:$Y$42,6,0) -> 81.625947 | K34: =VLOOKUP($A34,'[1]直收代收-26应收减免 (调整)'!$O$27:$Y$42,7,0) -> 73.864971 | L34: =IF(J34>0,K34/J34,"——") -> 0.90492023 | M34: =VLOOKUP($A34,'[1]直收代收-25应收减免（调整）'!$O$27:$Y$42,6,0) -> 83.949653 | N34: =VLOOKUP($A34,'[1]直收代收-25应收减免（调整）'!$O$27:$Y$42,7,0) -> 75.856228 | O34: =IF(M34>0,N34/M34,"——") -> 0.90359192 | P34: =K34-N34 -> -1.991257 | Q34: =(K34/J34)-(N34/M34) -> 0.0013283149 | R34: =VLOOKUP($A34,'[1]直收代收-26应收减免 (调整)'!$O$27:$Y$42,9,0) -> 146.22912 | S34: =VLOOKUP($A34,'[1]直收代收-26应收减免 (调整)'!$O$27:$Y$42,10,0) -> 128.77049 | T34: =IF(R34>0,S34/R34,"——") -> 0.88060771 | U34: =VLOOKUP($A34,'[1]直收代收-25应收减免（调整）'!$O$27:$Y$42,9,0) -> 270.17419 | V34: =VLOOKUP($A34,'[1]直收代收-25应收减免（调整）'!$O$27:$Y$42,10,0) -> 218.8713 | W34: =IF(U34>0,V34/U34,"——") -> 0.81011181 | X34: =S34-V34 -> -90.100815 | Y34: =(S34/R34)-(V34/U34) -> 0.070495892 | Z34: =B34+J34+R34 -> 2999.5876 | AA34: =C34+K34+S34 -> 1329.8092 | AB34: =IF(Z34>0,AA34/Z34,"——") -> 0.44333066 | AC34: =E34+M34+U34 -> 3914.5541 | AD34: =F34+N34+V34 -> 2273.7896 | AE34: =IF(AC34>0,AD34/AC34,"——") -> 0.58085533 | AF34: =AA34-AD34 -> -943.98045 | AG34: =(AA34/Z34)-(AD34/AC34) -> -0.13752467
A35: 小计 | B35: =SUM(B28:B34) -> 12733.118 | C35: =SUM(C28:C34) -> 6364.9652 | D35: =C35/B35 -> 0.49987483 | E35: =SUM(E28:E34) -> 11888.041 | F35: =SUM(F28:F34) -> 6140.8351 | G35: =F35/E35 -> 0.51655568 | H35: =SUM(H28:H34) -> 224.13014 | I35: =D35-G35 -> -0.016680857 | J35: =SUM(J28:J34) -> 1449.5249 | K35: =SUM(K28:K34) -> 1275.171 | L35: =K35/J35 -> 0.87971653 | M35: =SUM(M28:M34) -> 1454.3684 | N35: =SUM(N28:N34) -> 1361.1047 | O35: =N35/M35 -> 0.93587341 | P35: =SUM(P28:P34) -> -85.933705 | Q35: =L35-O35 -> -0.056156881 | R35: =SUM(R28:R34) -> 722.2797 | S35: =SUM(S28:S34) -> 657.47114 | T35: =S35/R35 -> 0.91027221 | U35: =SUM(U28:U34) -> 937.17007 | V35: =SUM(V28:V34) -> 819.02494 | W35: =V35/U35 -> 0.87393416 | X35: =SUM(X28:X34) -> -161.55381 | Y35: =T35-W35 -> 0.036338042 | Z35: =SUM(Z28:Z34) -> 14904.923 | AA35: =SUM(AA28:AA34) -> 8297.6073 | AB35: =AA35/Z35 -> 0.55670247 | AC35: =SUM(AC28:AC34) -> 14279.579 | AD35: =SUM(AD28:AD34) -> 8320.9647 | AE35: =AD35/AC35 -> 0.58271778 | AF35: =SUM(AF28:AF34) -> -23.357374 | AG35: =AB35-AE35 -> -0.026015303
A36: 罗源 | B36: =VLOOKUP($A36,'[1]直收代收-26应收减免 (调整)'!$O$27:$Y$42,3,0) -> 411.85315 | C36: =VLOOKUP($A36,'[1]直收代收-26应收减免 (调整)'!$O$27:$Y$42,4,0) -> 261.27317 | D36: =IF(B36>0,C36/B36,"——") -> 0.63438428 | E36: =VLOOKUP($A36,'[1]直收代收-25应收减免（调整）'!$O$27:$Y$42,3,0) -> 552.67234 | F36: =VLOOKUP($A36,'[1]直收代收-25应收减免（调整）'!$O$27:$Y$42,4,0) -> 231.69264 | G36: =IF(E36>0,F36/E36,"——") -> 0.41922244 | H36: =C36-F36 -> 29.580523 | I36: =D36-G36 -> 0.21516184 | J36: =VLOOKUP($A36,'[1]直收代收-26应收减免 (调整)'!$O$27:$Y$42,6,0) -> 61.185107 | K36: =VLOOKUP($A36,'[1]直收代收-26应收减免 (调整)'!$O$27:$Y$42,7,0) -> 40.833833 | L36: =IF(J36>0,K36/J36,"——") -> 0.6673819 | M36: =VLOOKUP($A36,'[1]直收代收-25应收减免（调整）'!$O$27:$Y$42,6,0) -> 58.651604 | N36: =VLOOKUP($A36,'[1]直收代收-25应收减免（调整）'!$O$27:$Y$42,7,0) -> 24.953455 | O36: =IF(M36>0,N36/M36,"——") -> 0.42545222 | P36: =K36-N36 -> 15.880378 | Q36: =(K36/J36)-(N36/M36) -> 0.24192968 | R36: =VLOOKUP($A36,'[1]直收代收-26应收减免 (调整)'!$O$27:$Y$42,9,0) -> 21.023885 | S36: =VLOOKUP($A36,'[1]直收代收-26应收减免 (调整)'!$O$27:$Y$42,10,0) -> 18.604878 | T36: =IF(R36>0,S36/R36,"——") -> 0.88494006 | U36: =VLOOKUP($A36,'[1]直收代收-25应收减免（调整）'!$O$27:$Y$42,9,0) -> 48.20849 | V36: =VLOOKUP($A36,'[1]直收代收-25应收减免（调整）'!$O$27:$Y$42,10,0) -> 44.136676 | W36: =IF(U36>0,V36/U36,"——") -> 0.91553741 | X36: =S36-V36 -> -25.531798 | Y36: =(S36/R36)-(V36/U36) -> -0.030597351 | Z36: =B36+J36+R36 -> 494.06214 | AA36: =C36+K36+S36 -> 320.71188 | AB36: =IF(Z36>0,AA36/Z36,"——") -> 0.64913267 | AC36: =E36+M36+U36 -> 659.53243 | AD36: =F36+N36+V36 -> 300.78278 | AE36: =IF(AC36>0,AD36/AC36,"——") -> 0.45605456 | AF36: =AA36-AD36 -> 19.929103 | AG36: =(AA36/Z36)-(AD36/AC36) -> 0.1930781 | AH36: 其他项应收减少，影响收费率
A37: 连江 | B37: =VLOOKUP($A37,'[1]直收代收-26应收减免 (调整)'!$O$27:$Y$42,3,0) -> 519.33281 | C37: =VLOOKUP($A37,'[1]直收代收-26应收减免 (调整)'!$O$27:$Y$42,4,0) -> 337.4447 | D37: =IF(B37>0,C37/B37,"——") -> 0.6497658 | E37: =VLOOKUP($A37,'[1]直收代收-25应收减免（调整）'!$O$27:$Y$42,3,0) -> 377.30327 | F37: =VLOOKUP($A37,'[1]直收代收-25应收减免（调整）'!$O$27:$Y$42,4,0) -> 242.97539 | G37: =IF(E37>0,F37/E37,"——") -> 0.64397904 | H37: =C37-F37 -> 94.469303 | I37: =D37-G37 -> 0.0057867586 | J37: =VLOOKUP($A37,'[1]直收代收-26应收减免 (调整)'!$O$27:$Y$42,6,0) -> 43.844571 | K37: =VLOOKUP($A37,'[1]直收代收-26应收减免 (调整)'!$O$27:$Y$42,7,0) -> 20.817237 | L37: =IF(J37>0,K37/J37,"——") -> 0.47479623 | M37: =VLOOKUP($A37,'[1]直收代收-25应收减免（调整）'!$O$27:$Y$42,6,0) -> 44.492845 | N37: =VLOOKUP($A37,'[1]直收代收-25应收减免（调整）'!$O$27:$Y$42,7,0) -> 21.377673 | O37: =IF(M37>0,N37/M37,"——") -> 0.4804744 | P37: =K37-N37 -> -0.560436 | Q37: =(K37/J37)-(N37/M37) -> -0.0056781703 | R37: =VLOOKUP($A37,'[1]直收代收-26应收减免 (调整)'!$O$27:$Y$42,9,0) -> 60.504818 | S37: =VLOOKUP($A37,'[1]直收代收-26应收减免 (调整)'!$O$27:$Y$42,10,0) -> 45.158306 | T37: =IF(R37>0,S37/R37,"——") -> 0.74635884 | U37: =VLOOKUP($A37,'[1]直收代收-25应收减免（调整）'!$O$27:$Y$42,9,0) -> 44.392041 | V37: =VLOOKUP($A37,'[1]直收代收-25应收减免（调整）'!$O$27:$Y$42,10,0) -> 30.662268 | W37: =IF(U37>0,V37/U37,"——") -> 0.69071544 | X37: =S37-V37 -> 14.496038 | Y37: =(S37/R37)-(V37/U37) -> 0.055643407 | Z37: =B37+J37+R37 -> 623.6822 | AA37: =C37+K37+S37 -> 403.42024 | AB37: =IF(Z37>0,AA37/Z37,"——") -> 0.64683623 | AC37: =E37+M37+U37 -> 466.18815 | AD37: =F37+N37+V37 -> 295.01534 | AE37: =IF(AC37>0,AD37/AC37,"——") -> 0.63282461 | AF37: =AA37-AD37 -> 108.4049 | AG37: =(AA37/Z37)-(AD37/AC37) -> 0.014011617
A38: 腾冲 | B38: =VLOOKUP($A38,'[1]直收代收-26应收减免 (调整)'!$O$27:$Y$42,3,0) -> 576.07988 | C38: =VLOOKUP($A38,'[1]直收代收-26应收减免 (调整)'!$O$27:$Y$42,4,0) -> 353.00756 | D38: =IF(B38>0,C38/B38,"——") -> 0.61277536 | E38: =VLOOKUP($A38,'[1]直收代收-25应收减免（调整）'!$O$27:$Y$42,3,0) -> 413.22394 | F38: =VLOOKUP($A38,'[1]直收代收-25应收减免（调整）'!$O$27:$Y$42,4,0) -> 338.29618 | G38: =IF(E38>0,F38/E38,"——") -> 0.81867517 | H38: =C38-F38 -> 14.711384 | I38: =D38-G38 -> -0.2058998 | J38: =VLOOKUP($A38,'[1]直收代收-26应收减免 (调整)'!$O$27:$Y$42,6,0) -> 0 | K38: =VLOOKUP($A38,'[1]直收代收-26应收减免 (调整)'!$O$27:$Y$42,7,0) -> 0 | L38: =IF(J38>0,K38/J38,"——") -> —— | M38: =VLOOKUP($A38,'[1]直收代收-25应收减免（调整）'!$O$27:$Y$42,6,0) -> 2.127678 | N38: =VLOOKUP($A38,'[1]直收代收-25应收减免（调整）'!$O$27:$Y$42,7,0) -> 2.127678 | O38: =IF(M38>0,N38/M38,"——") -> 1 | P38: =K38-N38 -> -2.127678 | Q38: —— | R38: =VLOOKUP($A38,'[1]直收代收-26应收减免 (调整)'!$O$27:$Y$42,9,0) -> 22.016481 | S38: =VLOOKUP($A38,'[1]直收代收-26应收减免 (调整)'!$O$27:$Y$42,10,0) -> 22.016481 | T38: =IF(R38>0,S38/R38,"——") -> 1 | U38: =VLOOKUP($A38,'[1]直收代收-25应收减免（调整）'!$O$27:$Y$42,9,0) -> 17.787704 | V38: =VLOOKUP($A38,'[1]直收代收-25应收减免（调整）'!$O$27:$Y$42,10,0) -> 17.787704 | W38: =IF(U38>0,V38/U38,"——") -> 1 | X38: =S38-V38 -> 4.228777 | Y38: =(S38/R38)-(V38/U38) -> 0 | Z38: =B38+J38+R38 -> 598.09636 | AA38: =C38+K38+S38 -> 375.02404 | AB38: =IF(Z38>0,AA38/Z38,"——") -> 0.62702946 | AC38: =E38+M38+U38 -> 433.13932 | AD38: =F38+N38+V38 -> 358.21156 | AE38: =IF(AC38>0,AD38/AC38,"——") -> 0.82701233 | AF38: =AA38-AD38 -> 16.812483 | AG38: =(AA38/Z38)-(AD38/AC38) -> -0.19998287 | AH38: 应收增加，收费进度较慢
A39: 闽江 | B39: =VLOOKUP($A39,'[1]直收代收-26应收减免 (调整)'!$O$27:$Y$42,3,0) -> 812.51053 | C39: =VLOOKUP($A39,'[1]直收代收-26应收减免 (调整)'!$O$27:$Y$42,4,0) -> 448.31707 | D39: =IF(B39>0,C39/B39,"——") -> 0.5517677 | E39: =VLOOKUP($A39,'[1]直收代收-25应收减免（调整）'!$O$27:$Y$42,3,0) -> 697.84032 | F39: =VLOOKUP($A39,'[1]直收代收-25应收减免（调整）'!$O$27:$Y$42,4,0) -> 400.76483 | G39: =IF(E39>0,F39/E39,"——") -> 0.57429303 | H39: =C39-F39 -> 47.552234 | I39: =D39-G39 -> -0.022525327 | J39: =VLOOKUP($A39,'[1]直收代收-26应收减免 (调整)'!$O$27:$Y$42,6,0) -> 99.667296 | K39: =VLOOKUP($A39,'[1]直收代收-26应收减免 (调整)'!$O$27:$Y$42,7,0) -> 65.845482 | L39: =IF(J39>0,K39/J39,"——") -> 0.66065284 | M39: =VLOOKUP($A39,'[1]直收代收-25应收减免（调整）'!$O$27:$Y$42,6,0) -> 101.54209 | N39: =VLOOKUP($A39,'[1]直收代收-25应收减免（调整）'!$O$27:$Y$42,7,0) -> 55.287499 | O39: =IF(M39>0,N39/M39,"——") -> 0.54447864 | P39: =K39-N39 -> 10.557983 | Q39: =(K39/J39)-(N39/M39) -> 0.1161742 | R39: =VLOOKUP($A39,'[1]直收代收-26应收减免 (调整)'!$O$27:$Y$42,9,0) -> 102.68035 | S39: =VLOOKUP($A39,'[1]直收代收-26应收减免 (调整)'!$O$27:$Y$42,10,0) -> 89.649156 | T39: =IF(R39>0,S39/R39,"——") -> 0.87308974 | U39: =VLOOKUP($A39,'[1]直收代收-25应收减免（调整）'!$O$27:$Y$42,9,0) -> 116.07006 | V39: =VLOOKUP($A39,'[1]直收代收-25应收减免（调整）'!$O$27:$Y$42,10,0) -> 97.305184 | W39: =IF(U39>0,V39/U39,"——") -> 0.83833146 | X39: =S39-V39 -> -7.656028 | Y39: =(S39/R39)-(V39/U39) -> 0.034758287 | Z39: =B39+J39+R39 -> 1014.8582 | AA39: =C39+K39+S39 -> 603.8117 | AB39: =IF(Z39>0,AA39/Z39,"——") -> 0.59497152 | AC39: =E39+M39+U39 -> 915.45247 | AD39: =F39+N39+V39 -> 553.35752 | AE39: =IF(AC39>0,AD39/AC39,"——") -> 0.6044634 | AF39: =AA39-AD39 -> 50.454189 | AG39: =(AA39/Z39)-(AD39/AC39) -> -0.009491883 | AH39: 3个公建项目回款慢
A40: 昆明 | B40: =VLOOKUP($A40,'[1]直收代收-26应收减免 (调整)'!$O$27:$Y$42,3,0) -> 1518.9807 | C40: =VLOOKUP($A40,'[1]直收代收-26应收减免 (调整)'!$O$27:$Y$42,4,0) -> 881.46637 | D40: =IF(B40>0,C40/B40,"——") -> 0.58030125 | E40: =VLOOKUP($A40,'[1]直收代收-25应收减免（调整）'!$O$27:$Y$42,3,0) -> 1895.6494 | F40: =VLOOKUP($A40,'[1]直收代收-25应收减免（调整）'!$O$27:$Y$42,4,0) -> 1063.0948 | G40: =IF(E40>0,F40/E40,"——") -> 0.5608077 | H40: =C40-F40 -> -181.62842 | I40: =D40-G40 -> 0.019493551 | J40: =VLOOKUP($A40,'[1]直收代收-26应收减免 (调整)'!$O$27:$Y$42,6,0) -> 40.73807 | K40: =VLOOKUP($A40,'[1]直收代收-26应收减免 (调整)'!$O$27:$Y$42,7,0) -> 37.698485 | L40: =IF(J40>0,K40/J40,"——") -> 0.92538711 | M40: =VLOOKUP($A40,'[1]直收代收-25应收减免（调整）'!$O$27:$Y$42,6,0) -> 100.34581 | N40: =VLOOKUP($A40,'[1]直收代收-25应收减免（调整）'!$O$27:$Y$42,7,0) -> 88.483731 | O40: =IF(M40>0,N40/M40,"——") -> 0.88178803 | P40: =K40-N40 -> -50.785246 | Q40: =(K40/J40)-(N40/M40) -> 0.043599088 | R40: =VLOOKUP($A40,'[1]直收代收-26应收减免 (调整)'!$O$27:$Y$42,9,0) -> 142.93636 | S40: =VLOOKUP($A40,'[1]直收代收-26应收减免 (调整)'!$O$27:$Y$42,10,0) -> 79.093672 | T40: =IF(R40>0,S40/R40,"——") -> 0.55334885 | U40: =VLOOKUP($A40,'[1]直收代收-25应收减免（调整）'!$O$27:$Y$42,9,0) -> 178.77786 | V40: =VLOOKUP($A40,'[1]直收代收-25应收减免（调整）'!$O$27:$Y$42,10,0) -> 98.647218 | W40: =IF(U40>0,V40/U40,"——") -> 0.55178656 | X40: =S40-V40 -> -19.553546 | Y40: =(S40/R40)-(V40/U40) -> 0.0015622942 | Z40: =B40+J40+R40 -> 1702.6551 | AA40: =C40+K40+S40 -> 998.25853 | AB40: =IF(Z40>0,AA40/Z40,"——") -> 0.58629521 | AC40: =E40+M40+U40 -> 2174.7731 | AD40: =F40+N40+V40 -> 1250.2257 | AE40: =IF(AC40>0,AD40/AC40,"——") -> 0.5748764 | AF40: =AA40-AD40 -> -251.96722 | AG40: =(AA40/Z40)-(AD40/AC40) -> 0.011418807
A41: 版纳 | B41: =VLOOKUP($A41,'[1]直收代收-26应收减免 (调整)'!$O$27:$Y$42,3,0) -> 751.03923 | C41: =VLOOKUP($A41,'[1]直收代收-26应收减免 (调整)'!$O$27:$Y$42,4,0) -> 316.19157 | D41: =IF(B41>0,C41/B41,"——") -> 0.4210054 | E41: =VLOOKUP($A41,'[1]直收代收-25应收减免（调整）'!$O$27:$Y$42,3,0) -> 667.54935 | F41: =VLOOKUP($A41,'[1]直收代收-25应收减免（调整）'!$O$27:$Y$42,4,0) -> 213.25853 | G41: =IF(E41>0,F41/E41,"——") -> 0.31946482 | H41: =C41-F41 -> 102.93304 | I41: =D41-G41 -> 0.10154059 | J41: =VLOOKUP($A41,'[1]直收代收-26应收减免 (调整)'!$O$27:$Y$42,6,0) -> 70.744707 | K41: =VLOOKUP($A41,'[1]直收代收-26应收减免 (调整)'!$O$27:$Y$42,7,0) -> 31.506665 | L41: =IF(J41>0,K41/J41,"——") -> 0.44535721 | M41: =VLOOKUP($A41,'[1]直收代收-25应收减免（调整）'!$O$27:$Y$42,6,0) -> 72.093232 | N41: =VLOOKUP($A41,'[1]直收代收-25应收减免（调整）'!$O$27:$Y$42,7,0) -> 32.553179 | O41: =IF(M41>0,N41/M41,"——") -> 0.45154279 | P41: =K41-N41 -> -1.046514 | Q41: =(K41/J41)-(N41/M41) -> -0.0061855831 | R41: =VLOOKUP($A41,'[1]直收代收-26应收减免 (调整)'!$O$27:$Y$42,9,0) -> 99.015391 | S41: =VLOOKUP($A41,'[1]直收代收-26应收减免 (调整)'!$O$27:$Y$42,10,0) -> 46.941224 | T41: =IF(R41>0,S41/R41,"——") -> 0.47408008 | U41: =VLOOKUP($A41,'[1]直收代收-25应收减免（调整）'!$O$27:$Y$42,9,0) -> 95.488321 | V41: =VLOOKUP($A41,'[1]直收代收-25应收减免（调整）'!$O$27:$Y$42,10,0) -> 40.304197 | W41: =IF(U41>0,V41/U41,"——") -> 0.42208509 | X41: =S41-V41 -> 6.637027 | Y41: =(S41/R41)-(V41/U41) -> 0.051994981 | Z41: =B41+J41+R41 -> 920.79933 | AA41: =C41+K41+S41 -> 394.63946 | AB41: =IF(Z41>0,AA41/Z41,"——") -> 0.42858357 | AC41: =E41+M41+U41 -> 835.13091 | AD41: =F41+N41+V41 -> 286.11591 | AE41: =IF(AC41>0,AD41/AC41,"——") -> 0.34260007 | AF41: =AA41-AD41 -> 108.52355 | AG41: =(AA41/Z41)-(AD41/AC41) -> 0.085983499
A42: 小计 | B42: =SUM(B36:B41) -> 4589.7963 | C42: =SUM(C36:C41) -> 2597.7004 | D42: =C42/B42 -> 0.56597293 | E42: =SUM(E36:E41) -> 4604.2387 | F42: =SUM(F36:F41) -> 2490.0824 | G42: =F42/E42 -> 0.54082391 | H42: =SUM(H36:H41) -> 107.61806 | I42: =D42-G42 -> 0.025149015 | J42: =SUM(J36:J41) -> 316.17975 | K42: =SUM(K36:K41) -> 196.7017 | L42: =K42/J42 -> 0.62211986 | M42: =SUM(M36:M41) -> 379.25326 | N42: =SUM(N36:N41) -> 224.78322 | O42: =N42/M42 -> 0.5926995 | P42: =SUM(P36:P41) -> -28.081513 | Q42: =L42-O42 -> 0.029420359 | R42: =SUM(R36:R41) -> 448.17728 | S42: =SUM(S36:S41) -> 301.46372 | T42: =S42/R42 -> 0.6726439 | U42: =SUM(U36:U41) -> 500.72447 | V42: =SUM(V36:V41) -> 328.84325 | W42: =V42/U42 -> 0.65673492 | X42: =SUM(X36:X41) -> -27.37953 | Y42: =T42-W42 -> 0.015908986 | Z42: =SUM(Z36:Z41) -> 5354.1533 | AA42: =SUM(AA36:AA41) -> 3095.8659 | AB42: =AA42/Z42 -> 0.57821763 | AC42: =SUM(AC36:AC41) -> 5484.2164 | AD42: =SUM(AD36:AD41) -> 3043.7088 | AE42: =AD42/AC42 -> 0.5549943 | AF42: =SUM(AF36:AF41) -> 52.157018 | AG42: =AB42-AE42 -> 0.023223334
A43: 合计 | B43: =B42+B35 -> 17322.914 | C43: =C42+C35 -> 8962.6657 | D43: =C43/B43 -> 0.51738786 | E43: =E42+E35 -> 16492.28 | F43: =F42+F35 -> 8630.9174 | G43: =F43/E43 -> 0.52333078 | H43: =H42+H35 -> 331.7482 | I43: =D43-G43 -> -0.0059429138 | J43: =J42+J35 -> 1765.7046 | K43: =K42+K35 -> 1471.8727 | L43: =K43/J43 -> 0.83358942 | M43: =M42+M35 -> 1833.6216 | N43: =N42+N35 -> 1585.8879 | O43: =N43/M43 -> 0.86489376 | P43: =P42+P35 -> -114.01522 | Q43: =L43-O43 -> -0.03130434 | R43: =R42+R35 -> 1170.457 | S43: =S42+S35 -> 958.93485 | T43: =S43/R43 -> 0.81928244 | U43: =U42+U35 -> 1437.8945 | V43: =V42+V35 -> 1147.8682 | W43: =V43/U43 -> 0.7982979 | X43: =X42+X35 -> -188.93334 | Y43: =T43-W43 -> 0.020984545 | Z43: =Z42+Z35 -> 20259.076 | AA43: =AA42+AA35 -> 11393.473 | AB43: =AA43/Z43 -> 0.56238859 | AC43: =AC42+AC35 -> 19763.796 | AD43: =AD42+AD35 -> 11364.674 | AE43: =AD43/AC43 -> 0.57502484 | AF43: =AF42+AF35 -> 28.799644 | AG43: =AB43-AE43 -> -0.012636254

Sheet 历欠-账龄
A1: 历欠收费简报-自建（不含筑科案场）
A2: · 回款率=实收/应收，与清欠指标核算口径一致，未剔除减免
A3: 公司 | B3: 1年以内 | J3: 2-3年 | R3: 3年以上 | Z3: 合计 | AJ3: 备注
B4: 2026年 | E4: 2025年 | H4: 同比 | J4: 2026年 | M4: 2025年 | P4: 同比 | R4: 2026年 | U4: 2025年 | X4: 同比 | Z4: 2026年 | AC4: 2025年 | AF4: 同比 | AH4: 基础指标 | AI4: 指标 完成率
B5: 应收 | C5: 实收 | D5: 回款率 | E5: 应收 | F5: 实收 | G5: 回款率 | H5: 实收 | I5: 回款率 | J5: 应收 | K5: 实收 | L5: 回款率 | M5: 应收 | N5: 实收 | O5: 回款率 | P5: 实收 | Q5: 回款率 | R5: 应收 | S5: 实收 | T5: 回款率 | U5: 应收 | V5: 实收 | W5: 回款率 | X5: 实收 | Y5: 回款率 | Z5: 应收 | AA5: 实收 | AB5: 回款率 | AC5: 应收 | AD5: 实收 | AE5: 回款率 | AF5: 实收 | AG5: 回款率
A6: 贵阳 | B6: =VLOOKUP($A6,[2]基础指标!$AB$2:$AL$17,3,0) -> 1151.7168 | C6: =VLOOKUP($A6,[2]基础指标!$AB$2:$AL$17,4,0) -> 396.00753 | D6: =IF(B6>0,C6/B6,"——") -> 0.34384107 | E6: =VLOOKUP($A6,[3]基础指标!$Y$2:$AI$17,3,0) -> 656.72112 | F6: =VLOOKUP($A6,[3]基础指标!$Y$2:$AI$17,4,0) -> 201.18047 | G6: =F6/E6 -> 0.30634079 | H6: =C6-F6 -> 194.82707 | I6: =D6-G6 -> 0.037500276 | J6: =VLOOKUP($A6,[2]基础指标!$AB$2:$AL$17,6,0) -> 481.88172 | K6: =VLOOKUP($A6,[2]基础指标!$AB$2:$AL$17,7,0) -> 27.260711 | L6: =IF(J6>0,K6/J6,"——") -> 0.056571374 | M6: =VLOOKUP($A6,[3]基础指标!$Y$2:$AI$17,6,0) -> 445.54241 | N6: =VLOOKUP($A6,[3]基础指标!$Y$2:$AI$17,7,0) -> 25.944458 | O6: =N6/M6 -> 0.058231175 | P6: =K6-N6 -> 1.316253 | Q6: =(K6/J6)-(N6/M6) -> -0.0016598005 | R6: =VLOOKUP($A6,[2]基础指标!$AB$2:$AL$17,9,0) -> 460.15347 | S6: =VLOOKUP($A6,[2]基础指标!$AB$2:$AL$17,10,0) -> 19.940962 | T6: =IF(R6>0,S6/R6,"——") -> 0.04333546 | U6: =VLOOKUP($A6,[3]基础指标!$Y$2:$AI$17,9,0) -> 746.46809 | V6: =VLOOKUP($A6,[3]基础指标!$Y$2:$AI$17,10,0) -> 26.511342 | W6: =V6/U6 -> 0.035515707 | X6: =S6-V6 -> -6.57038 | Y6: =(S6/R6)-(V6/U6) -> 0.0078197527 | Z6: =B6+J6+R6 -> 2093.752 | AA6: =C6+K6+S6 -> 443.20921 | AB6: =IF(Z6>0,AA6/Z6,"——") -> 0.21168181 | AC6: =E6+M6+U6 -> 1848.7316 | AD6: =F6+N6+V6 -> 253.63627 | AE6: =AD6/AC6 -> 0.13719475 | AF6: =AA6-AD6 -> 189.57294 | AG6: =(AA6/Z6)-(AD6/AC6) -> 0.074487061 | AH6: 919.74721 | AI6: =AA6/AH6 -> 0.48188155
A7: 宁波 | B7: =VLOOKUP($A7,[2]基础指标!$AB$2:$AL$17,3,0) -> 1996.73 | C7: =VLOOKUP($A7,[2]基础指标!$AB$2:$AL$17,4,0) -> 555.06396 | D7: =IF(B7>0,C7/B7,"——") -> 0.27798649 | E7: =VLOOKUP($A7,[3]基础指标!$Y$2:$AI$17,3,0) -> 1195.14 | F7: =VLOOKUP($A7,[3]基础指标!$Y$2:$AI$17,4,0) -> 378.01 | G7: =F7/E7 -> 0.31628931 | H7: =C7-F7 -> 177.05396 | I7: =D7-G7 -> -0.038302819 | J7: =VLOOKUP($A7,[2]基础指标!$AB$2:$AL$17,6,0) -> 573.53 | K7: =VLOOKUP($A7,[2]基础指标!$AB$2:$AL$17,7,0) -> 86.76471 | L7: =IF(J7>0,K7/J7,"——") -> 0.1512819 | M7: =VLOOKUP($A7,[3]基础指标!$Y$2:$AI$17,6,0) -> 276.37 | N7: =VLOOKUP($A7,[3]基础指标!$Y$2:$AI$17,7,0) -> 28.93 | O7: =N7/M7 -> 0.10467851 | P7: =K7-N7 -> 57.83471 | Q7: =(K7/J7)-(N7/M7) -> 0.046603393 | R7: =VLOOKUP($A7,[2]基础指标!$AB$2:$AL$17,9,0) -> 136.79 | S7: =VLOOKUP($A7,[2]基础指标!$AB$2:$AL$17,10,0) -> 14.627938 | T7: =IF(R7>0,S7/R7,"——") -> 0.10693719 | U7: =VLOOKUP($A7,[3]基础指标!$Y$2:$AI$17,9,0) -> 100.26 | V7: =VLOOKUP($A7,[3]基础指标!$Y$2:$AI$17,10,0) -> 7.01 | W7: =V7/U7 -> 0.069918213 | X7: =S7-V7 -> 7.617938 | Y7: =(S7/R7)-(V7/U7) -> 0.037018976 | Z7: =B7+J7+R7 -> 2707.05 | AA7: =C7+K7+S7 -> 656.4566 | AB7: =IF(Z7>0,AA7/Z7,"——") -> 0.24249888 | AC7: =E7+M7+U7 -> 1571.77 | AD7: =F7+N7+V7 -> 413.95 | AE7: =AD7/AC7 -> 0.26336551 | AF7: =AA7-AD7 -> 242.50661 | AG7: =(AA7/Z7)-(AD7/AC7) -> -0.020866621 | AH7: 1397.8278 | AI7: =AA7/AH7 -> 0.46962622 | AJ7: 都会/望辰府收费进度较慢
A8: 滨湖 | B8: =VLOOKUP($A8,[2]基础指标!$AB$2:$AL$17,3,0) -> 361.1629 | C8: =VLOOKUP($A8,[2]基础指标!$AB$2:$AL$17,4,0) -> 140.58267 | D8: =IF(B8>0,C8/B8,"——") -> 0.38925004 | E8: =VLOOKUP($A8,[3]基础指标!$Y$2:$AI$17,3,0) -> 376.97649 | F8: =VLOOKUP($A8,[3]基础指标!$Y$2:$AI$17,4,0) -> 161.95 | G8: =F8/E8 -> 0.42960239 | H8: =C8-F8 -> -21.367325 | I8: =D8-G8 -> -0.040352346 | J8: =VLOOKUP($A8,[2]基础指标!$AB$2:$AL$17,6,0) -> 91.840457 | K8: =VLOOKUP($A8,[2]基础指标!$AB$2:$AL$17,7,0) -> 19.368216 | L8: =IF(J8>0,K8/J8,"——") -> 0.2108898 | M8: =VLOOKUP($A8,[3]基础指标!$Y$2:$AI$17,6,0) -> 77.557081 | N8: =VLOOKUP($A8,[3]基础指标!$Y$2:$AI$17,7,0) -> 11.52 | O8: =N8/M8 -> 0.14853576 | P8: =K8-N8 -> 7.848216 | Q8: =(K8/J8)-(N8/M8) -> 0.062354044 | R8: =VLOOKUP($A8,[2]基础指标!$AB$2:$AL$17,9,0) -> 61.226711 | S8: =VLOOKUP($A8,[2]基础指标!$AB$2:$AL$17,10,0) -> 5.599532 | T8: =IF(R8>0,S8/R8,"——") -> 0.091455705 | U8: =VLOOKUP($A8,[3]基础指标!$Y$2:$AI$17,9,0) -> 56.586978 | V8: =VLOOKUP($A8,[3]基础指标!$Y$2:$AI$17,10,0) -> 3.88 | W8: =V8/U8 -> 0.068567012 | X8: =S8-V8 -> 1.719532 | Y8: =(S8/R8)-(V8/U8) -> 0.022888693 | Z8: =B8+J8+R8 -> 514.23007 | AA8: =C8+K8+S8 -> 165.55042 | AB8: =IF(Z8>0,AA8/Z8,"——") -> 0.32193843 | AC8: =E8+M8+U8 -> 511.12055 | AD8: =F8+N8+V8 -> 177.35 | AE8: =AD8/AC8 -> 0.34698272 | AF8: =AA8-AD8 -> -11.799577 | AG8: =(AA8/Z8)-(AD8/AC8) -> -0.025044291 | AH8: 356.33811 | AI8: =AA8/AH8 -> 0.46458804 | AJ8: B区、F区收费进度较慢
A9: 阜阳 | B9: =VLOOKUP($A9,[2]基础指标!$AB$2:$AL$17,3,0) -> 280.59558 | C9: =VLOOKUP($A9,[2]基础指标!$AB$2:$AL$17,4,0) -> 105.68561 | D9: =IF(B9>0,C9/B9,"——") -> 0.37664745 | E9: =VLOOKUP($A9,[3]基础指标!$Y$2:$AI$17,3,0) -> 256.12414 | F9: =VLOOKUP($A9,[3]基础指标!$Y$2:$AI$17,4,0) -> 101.50691 | G9: =F9/E9 -> 0.39631918 | H9: =C9-F9 -> 4.1787 | I9: =D9-G9 -> -0.019671726 | J9: =VLOOKUP($A9,[2]基础指标!$AB$2:$AL$17,6,0) -> 79.057741 | K9: =VLOOKUP($A9,[2]基础指标!$AB$2:$AL$17,7,0) -> 17.28289 | L9: =IF(J9>0,K9/J9,"——") -> 0.21861098 | M9: =VLOOKUP($A9,[3]基础指标!$Y$2:$AI$17,6,0) -> 60.416167 | N9: =VLOOKUP($A9,[3]基础指标!$Y$2:$AI$17,7,0) -> 10.77542 | O9: =N9/M9 -> 0.17835325 | P9: =K9-N9 -> 6.50747 | Q9: =(K9/J9)-(N9/M9) -> 0.040257723 | R9: =VLOOKUP($A9,[2]基础指标!$AB$2:$AL$17,9,0) -> 0.681407 | S9: =VLOOKUP($A9,[2]基础指标!$AB$2:$AL$17,10,0) -> 0.064536 | T9: =IF(R9>0,S9/R9,"——") -> 0.094709916 | U9: =VLOOKUP($A9,[3]基础指标!$Y$2:$AI$17,9,0) -> 0 | V9: =VLOOKUP($A9,[3]基础指标!$Y$2:$AI$17,10,0) -> 0 | W9: 0 | X9: =S9-V9 -> 0.064536 | Y9: =T9 -> 0.094709916 | Z9: =B9+J9+R9 -> 360.33473 | AA9: =C9+K9+S9 -> 123.03304 | AB9: =IF(Z9>0,AA9/Z9,"——") -> 0.34144096 | AC9: =E9+M9+U9 -> 316.54031 | AD9: =F9+N9+V9 -> 112.28233 | AE9: =AD9/AC9 -> 0.35471732 | AF9: =AA9-AD9 -> 10.750706 | AG9: =(AA9/Z9)-(AD9/AC9) -> -0.013276356 | AH9: 266.46851 | AI9: =AA9/AH9 -> 0.46171698
A10: 北城 | B10: =VLOOKUP($A10,[2]基础指标!$AB$2:$AL$17,3,0) -> 1190.3757 | C10: =VLOOKUP($A10,[2]基础指标!$AB$2:$AL$17,4,0) -> 366.23837 | D10: =IF(B10>0,C10/B10,"——") -> 0.30766621 | E10: =VLOOKUP($A10,[3]基础指标!$Y$2:$AI$17,3,0) -> 947.54077 | F10: =VLOOKUP($A10,[3]基础指标!$Y$2:$AI$17,4,0) -> 272.2348 | G10: =F10/E10 -> 0.28730669 | H10: =C10-F10 -> 94.003567 | I10: =D10-G10 -> 0.020359525 | J10: =VLOOKUP($A10,[2]基础指标!$AB$2:$AL$17,6,0) -> 495.81394 | K10: =VLOOKUP($A10,[2]基础指标!$AB$2:$AL$17,7,0) -> 77.337046 | L10: =IF(J10>0,K10/J10,"——") -> 0.15597998 | M10: =VLOOKUP($A10,[3]基础指标!$Y$2:$AI$17,6,0) -> 325.42711 | N10: =VLOOKUP($A10,[3]基础指标!$Y$2:$AI$17,7,0) -> 49.126351 | O10: =N10/M10 -> 0.15095961 | P10: =K10-N10 -> 28.210695 | Q10: =(K10/J10)-(N10/M10) -> 0.0050203638 | R10: =VLOOKUP($A10,[2]基础指标!$AB$2:$AL$17,9,0) -> 85.061126 | S10: =VLOOKUP($A10,[2]基础指标!$AB$2:$AL$17,10,0) -> 3.546942 | T10: =IF(R10>0,S10/R10,"——") -> 0.041698743 | U10: =VLOOKUP($A10,[3]基础指标!$Y$2:$AI$17,9,0) -> 57.728829 | V10: =VLOOKUP($A10,[3]基础指标!$Y$2:$AI$17,10,0) -> 7.805485 | W10: =V10/U10 -> 0.13520948 | X10: =S10-V10 -> -4.258543 | Y10: =(S10/R10)-(V10/U10) -> -0.093510738 | Z10: =B10+J10+R10 -> 1771.2507 | AA10: =C10+K10+S10 -> 447.12236 | AB10: =IF(Z10>0,AA10/Z10,"——") -> 0.25243313 | AC10: =E10+M10+U10 -> 1330.6967 | AD10: =F10+N10+V10 -> 329.16664 | AE10: =AD10/AC10 -> 0.24736413 | AF10: =AA10-AD10 -> 117.95572 | AG10: =(AA10/Z10)-(AD10/AC10) -> 0.0050689955 | AH10: 1035.552 | AI10: =AA10/AH10 -> 0.43177201
A11: 长沙 | B11: =VLOOKUP($A11,[2]基础指标!$AB$2:$AL$17,3,0) -> 506.88966 | C11: =VLOOKUP($A11,[2]基础指标!$AB$2:$AL$17,4,0) -> 134.71956 | D11: =IF(B11>0,C11/B11,"——") -> 0.2657769 | E11: =VLOOKUP($A11,[3]基础指标!$Y$2:$AI$17,3,0) -> 499.71504 | F11: =VLOOKUP($A11,[3]基础指标!$Y$2:$AI$17,4,0) -> 134.56282 | G11: =F11/E11 -> 0.2692791 | H11: =C11-F11 -> 0.156745 | I11: =D11-G11 -> -0.0035022015 | J11: =VLOOKUP($A11,[2]基础指标!$AB$2:$AL$17,6,0) -> 321.63576 | K11: =VLOOKUP($A11,[2]基础指标!$AB$2:$AL$17,7,0) -> 20.36503 | L11: =IF(J11>0,K11/J11,"——") -> 0.063317057 | M11: =VLOOKUP($A11,[3]基础指标!$Y$2:$AI$17,6,0) -> 283.56175 | N11: =VLOOKUP($A11,[3]基础指标!$Y$2:$AI$17,7,0) -> 32.70849 | O11: =N11/M11 -> 0.11534874 | P11: =K11-N11 -> -12.34346 | Q11: =(K11/J11)-(N11/M11) -> -0.052031681 | R11: =VLOOKUP($A11,[2]基础指标!$AB$2:$AL$17,9,0) -> 731.35248 | S11: =VLOOKUP($A11,[2]基础指标!$AB$2:$AL$17,10,0) -> 12.192425 | T11: =IF(R11>0,S11/R11,"——") -> 0.016671065 | U11: =VLOOKUP($A11,[3]基础指标!$Y$2:$AI$17,9,0) -> 742.39474 | V11: =VLOOKUP($A11,[3]基础指标!$Y$2:$AI$17,10,0) -> 35.284404 | W11: =V11/U11 -> 0.04752782 | X11: =S11-V11 -> -23.091979 | Y11: =(S11/R11)-(V11/U11) -> -0.030856755 | Z11: =B11+J11+R11 -> 1559.8779 | AA11: =C11+K11+S11 -> 167.27702 | AB11: =IF(Z11>0,AA11/Z11,"——") -> 0.10723725 | AC11: =E11+M11+U11 -> 1525.6715 | AD11: =F11+N11+V11 -> 202.55571 | AE11: =AD11/AC11 -> 0.13276496 | AF11: =AA11-AD11 -> -35.278694 | AG11: =(AA11/Z11)-(AD11/AC11) -> -0.025527704 | AH11: 458.644 | AI11: =AA11/AH11 -> 0.36472082 | AJ11: 外墙漏水问题，福建商会及社区欠费约100万
A12: 北京 | B12: =VLOOKUP($A12,[2]基础指标!$AB$2:$AL$17,3,0) -> 738.00971 | C12: =VLOOKUP($A12,[2]基础指标!$AB$2:$AL$17,4,0) -> 167.37067 | D12: =IF(B12>0,C12/B12,"——") -> 0.22678654 | E12: =VLOOKUP($A12,[3]基础指标!$Y$2:$AI$17,3,0) -> 831.41901 | F12: =VLOOKUP($A12,[3]基础指标!$Y$2:$AI$17,4,0) -> 238.20065 | G12: =F12/E12 -> 0.28649892 | H12: =C12-F12 -> -70.829983 | I12: =D12-G12 -> -0.059712384 | J12: =VLOOKUP($A12,[2]基础指标!$AB$2:$AL$17,6,0) -> 485.74497 | K12: =VLOOKUP($A12,[2]基础指标!$AB$2:$AL$17,7,0) -> 35.445475 | L12: =IF(J12>0,K12/J12,"——") -> 0.072971368 | M12: =VLOOKUP($A12,[3]基础指标!$Y$2:$AI$17,6,0) -> 565.71852 | N12: =VLOOKUP($A12,[3]基础指标!$Y$2:$AI$17,7,0) -> 56.101079 | O12: =N12/M12 -> 0.099167831 | P12: =K12-N12 -> -20.655604 | Q12: =(K12/J12)-(N12/M12) -> -0.026196463 | R12: =VLOOKUP($A12,[2]基础指标!$AB$2:$AL$17,9,0) -> 478.19843 | S12: =VLOOKUP($A12,[2]基础指标!$AB$2:$AL$17,10,0) -> 61.098945 | T12: =IF(R12>0,S12/R12,"——") -> 0.12776902 | U12: =VLOOKUP($A12,[3]基础指标!$Y$2:$AI$17,9,0) -> 492.8672 | V12: =VLOOKUP($A12,[3]基础指标!$Y$2:$AI$17,10,0) -> 47.703012 | W12: =V12/U12 -> 0.096786745 | X12: =S12-V12 -> 13.395933 | Y12: =(S12/R12)-(V12/U12) -> 0.030982274 | Z12: =B12+J12+R12 -> 1701.9531 | AA12: =C12+K12+S12 -> 263.91508 | AB12: =IF(Z12>0,AA12/Z12,"——") -> 0.15506601 | AC12: =E12+M12+U12 -> 1890.0047 | AD12: =F12+N12+V12 -> 342.00474 | AE12: =AD12/AC12 -> 0.18095443 | AF12: =AA12-AD12 -> -78.089654 | AG12: =(AA12/Z12)-(AD12/AC12) -> -0.025888421 | AH12: 819.68918 | AI12: =AA12/AH12 -> 0.32196971 | AJ12: 1年期、2-3年应收减少，影响收费率
A13: 小计 | B13: =SUM(B6:B12) -> 6225.4803 | C13: =SUM(C6:C12) -> 1865.6684 | D13: =C13/B13 -> 0.29968264 | E13: =SUM(E6:E12) -> 4763.6366 | F13: =SUM(F6:F12) -> 1487.6456 | G13: =F13/E13 -> 0.31229201 | H13: =SUM(H6:H12) -> 378.02273 | I13: =D13-G13 -> -0.012609371 | J13: =SUM(J6:J12) -> 2529.5046 | K13: =SUM(K6:K12) -> 283.82408 | L13: =K13/J13 -> 0.1122054 | M13: =SUM(M6:M12) -> 2034.593 | N13: =SUM(N6:N12) -> 215.1058 | O13: =N13/M13 -> 0.10572424 | P13: =SUM(P6:P12) -> 68.71828 | Q13: =L13-O13 -> 0.0064811643 | R13: =SUM(R6:R12) -> 1953.4636 | S13: =SUM(S6:S12) -> 117.07128 | T13: =S13/R13 -> 0.059930105 | U13: =SUM(U6:U12) -> 2196.3058 | V13: =SUM(V6:V12) -> 128.19424 | W13: =V13/U13 -> 0.05836812 | X13: =SUM(X6:X12) -> -11.122963 | Y13: =T13-W13 -> 0.0015619849 | Z13: =SUM(Z6:Z12) -> 10708.449 | AA13: =SUM(AA6:AA12) -> 2266.5637 | AB13: =AA13/Z13 -> 0.21166126 | AC13: =SUM(AC6:AC12) -> 8994.5355 | AD13: =SUM(AD6:AD12) -> 1830.9457 | AE13: =AD13/AC13 -> 0.20356201 | AF13: =SUM(AF6:AF12) -> 435.61804 | AG13: =AB13-AE13 -> 0.008099256 | AH13: =SUM(AH6:AH12) -> 5254.2668 | AI13: =AA13/AH13 -> 0.43137583
A14: 罗源 | B14: =VLOOKUP($A14,[2]基础指标!$AB$2:$AL$17,3,0) -> 1749.5566 | C14: =VLOOKUP($A14,[2]基础指标!$AB$2:$AL$17,4,0) -> 1045.5272 | D14: =IF(B14>0,C14/B14,"——") -> 0.59759556 | E14: =VLOOKUP($A14,[3]基础指标!$Y$2:$AI$17,3,0) -> 1718.1738 | F14: =VLOOKUP($A14,[3]基础指标!$Y$2:$AI$17,4,0) -> 1078.8817 | G14: =F14/E14 -> 0.62792348 | H14: =C14-F14 -> -33.354428 | I14: =D14-G14 -> -0.03032792 | J14: =VLOOKUP($A14,[2]基础指标!$AB$2:$AL$17,6,0) -> 546.81807 | K14: =VLOOKUP($A14,[2]基础指标!$AB$2:$AL$17,7,0) -> 115.76631 | L14: =IF(J14>0,K14/J14,"——") -> 0.21170901 | M14: =VLOOKUP($A14,[3]基础指标!$Y$2:$AI$17,6,0) -> 489.31725 | N14: =VLOOKUP($A14,[3]基础指标!$Y$2:$AI$17,7,0) -> 121.73945 | O14: =N14/M14 -> 0.24879452 | P14: =K14-N14 -> -5.97314 | Q14: =(K14/J14)-(N14/M14) -> -0.037085513 | R14: =VLOOKUP($A14,[2]基础指标!$AB$2:$AL$17,9,0) -> 176.51708 | S14: =VLOOKUP($A14,[2]基础指标!$AB$2:$AL$17,10,0) -> 25.85532 | T14: =IF(R14>0,S14/R14,"——") -> 0.14647489 | U14: =VLOOKUP($A14,[3]基础指标!$Y$2:$AI$17,9,0) -> 187.70449 | V14: =VLOOKUP($A14,[3]基础指标!$Y$2:$AI$17,10,0) -> 31.384834 | W14: =V14/U14 -> 0.16720343 | X14: =S14-V14 -> -5.529514 | Y14: =(S14/R14)-(V14/U14) -> -0.020728538 | Z14: =B14+J14+R14 -> 2472.8917 | AA14: =C14+K14+S14 -> 1187.1489 | AB14: =IF(Z14>0,AA14/Z14,"——") -> 0.48006504 | AC14: =E14+M14+U14 -> 2395.1955 | AD14: =F14+N14+V14 -> 1232.006 | AE14: =AD14/AC14 -> 0.5143655 | AF14: =AA14-AD14 -> -44.857082 | AG14: =(AA14/Z14)-(AD14/AC14) -> -0.034300459 | AH14: 1666.4001 | AI14: =AA14/AH14 -> 0.71240329 | AJ14: 收费进度慢
A15: 昆明 | B15: =VLOOKUP($A15,[2]基础指标!$AB$2:$AL$17,3,0) -> 194.77135 | C15: =VLOOKUP($A15,[2]基础指标!$AB$2:$AL$17,4,0) -> 102.32084 | D15: =IF(B15>0,C15/B15,"——") -> 0.52533826 | E15: =VLOOKUP($A15,[3]基础指标!$Y$2:$AI$17,3,0) -> 236.02161 | F15: =VLOOKUP($A15,[3]基础指标!$Y$2:$AI$17,4,0) -> 122.00301 | G15: =F15/E15 -> 0.51691458 | H15: =C15-F15 -> -19.682171 | I15: =D15-G15 -> 0.0084236744 | J15: =VLOOKUP($A15,[2]基础指标!$AB$2:$AL$17,6,0) -> 52.13923 | K15: =VLOOKUP($A15,[2]基础指标!$AB$2:$AL$17,7,0) -> 5.658802 | L15: =IF(J15>0,K15/J15,"——") -> 0.10853252 | M15: =VLOOKUP($A15,[3]基础指标!$Y$2:$AI$17,6,0) -> 34.34192 | N15: =VLOOKUP($A15,[3]基础指标!$Y$2:$AI$17,7,0) -> 2.287928 | O15: =N15/M15 -> 0.066622018 | P15: =K15-N15 -> 3.370874 | Q15: =(K15/J15)-(N15/M15) -> 0.041910502 | R15: =VLOOKUP($A15,[2]基础指标!$AB$2:$AL$17,9,0) -> 22.604002 | S15: =VLOOKUP($A15,[2]基础指标!$AB$2:$AL$17,10,0) -> 0.054424 | T15: =IF(R15>0,S15/R15,"——") -> 0.0024077152 | U15: =VLOOKUP($A15,[3]基础指标!$Y$2:$AI$17,9,0) -> 16.760256 | V15: =VLOOKUP($A15,[3]基础指标!$Y$2:$AI$17,10,0) -> 0.012 | W15: =V15/U15 -> 0.00071597952 | X15: =S15-V15 -> 0.042424 | Y15: =(S15/R15)-(V15/U15) -> 0.0016917357 | Z15: =B15+J15+R15 -> 269.51458 | AA15: =C15+K15+S15 -> 108.03407 | AB15: =IF(Z15>0,AA15/Z15,"——") -> 0.40084684 | AC15: =E15+M15+U15 -> 287.12379 | AD15: =F15+N15+V15 -> 124.30294 | AE15: =AD15/AC15 -> 0.43292456 | AF15: =AA15-AD15 -> -16.268873 | AG15: =(AA15/Z15)-(AD15/AC15) -> -0.032077728 | AH15: 162.9379 | AI15: =AA15/AH15 -> 0.66303831 | AJ15: 1年期应收减少、2-3年期回款进度较慢
A16: 闽江 | B16: =VLOOKUP($A16,[2]基础指标!$AB$2:$AL$17,3,0) -> 372.01 | C16: =VLOOKUP($A16,[2]基础指标!$AB$2:$AL$17,4,0) -> 205.64 | D16: =IF(B16>0,C16/B16,"——") -> 0.55278084 | E16: =VLOOKUP($A16,[3]基础指标!$Y$2:$AI$17,3,0) -> 323.23 | F16: =VLOOKUP($A16,[3]基础指标!$Y$2:$AI$17,4,0) -> 169.68 | G16: =F16/E16 -> 0.52495127 | H16: =C16-F16 -> 35.96 | I16: =D16-G16 -> 0.027829566 | J16: =VLOOKUP($A16,[2]基础指标!$AB$2:$AL$17,6,0) -> 62.38 | K16: =VLOOKUP($A16,[2]基础指标!$AB$2:$AL$17,7,0) -> 6.98 | L16: =IF(J16>0,K16/J16,"——") -> 0.11189484 | M16: =VLOOKUP($A16,[3]基础指标!$Y$2:$AI$17,6,0) -> 60.75 | N16: =VLOOKUP($A16,[3]基础指标!$Y$2:$AI$17,7,0) -> 8.57 | O16: =N16/M16 -> 0.14106996 | P16: =K16-N16 -> -1.59 | Q16: =(K16/J16)-(N16/M16) -> -0.029175121 | R16: =VLOOKUP($A16,[2]基础指标!$AB$2:$AL$17,9,0) -> 25.79 | S16: =VLOOKUP($A16,[2]基础指标!$AB$2:$AL$17,10,0) -> 1.052 | T16: =IF(R16>0,S16/R16,"——") -> 0.040791004 | U16: =VLOOKUP($A16,[3]基础指标!$Y$2:$AI$17,9,0) -> 30.02 | V16: =VLOOKUP($A16,[3]基础指标!$Y$2:$AI$17,10,0) -> 2.83 | W16: =V16/U16 -> 0.094270486 | X16: =S16-V16 -> -1.778 | Y16: =(S16/R16)-(V16/U16) -> -0.053479482 | Z16: =B16+J16+R16 -> 460.18 | AA16: =C16+K16+S16 -> 213.672 | AB16: =IF(Z16>0,AA16/Z16,"——") -> 0.46432266 | AC16: =E16+M16+U16 -> 414 | AD16: =F16+N16+V16 -> 181.08 | AE16: =AD16/AC16 -> 0.4373913 | AF16: =AA16-AD16 -> 32.592 | AG16: =(AA16/Z16)-(AD16/AC16) -> 0.026931352 | AH16: 333.0077 | AI16: =AA16/AH16 -> 0.64164282 | AJ16: 法拍房欠费回款较慢
A17: 连江 | B17: =VLOOKUP($A17,[2]基础指标!$AB$2:$AL$17,3,0) -> 2110.03 | C17: =VLOOKUP($A17,[2]基础指标!$AB$2:$AL$17,4,0) -> 787.8 | D17: =IF(B17>0,C17/B17,"——") -> 0.37335962 | E17: =VLOOKUP($A17,[3]基础指标!$Y$2:$AI$17,3,0) -> 2047.58 | F17: =VLOOKUP($A17,[3]基础指标!$Y$2:$AI$17,4,0) -> 831.66 | G17: =F17/E17 -> 0.40616728 | H17: =C17-F17 -> -43.86 | I17: =D17-G17 -> -0.03280766 | J17: =VLOOKUP($A17,[2]基础指标!$AB$2:$AL$17,6,0) -> 1242.75 | K17: =VLOOKUP($A17,[2]基础指标!$AB$2:$AL$17,7,0) -> 107.83 | L17: =IF(J17>0,K17/J17,"——") -> 0.08676725 | M17: =VLOOKUP($A17,[3]基础指标!$Y$2:$AI$17,6,0) -> 1075.15 | N17: =VLOOKUP($A17,[3]基础指标!$Y$2:$AI$17,7,0) -> 122.87 | O17: =N17/M17 -> 0.11428173 | P17: =K17-N17 -> -15.04 | Q17: =(K17/J17)-(N17/M17) -> -0.027514478 | R17: =VLOOKUP($A17,[2]基础指标!$AB$2:$AL$17,9,0) -> 906.02 | S17: =VLOOKUP($A17,[2]基础指标!$AB$2:$AL$17,10,0) -> 38.88 | T17: =IF(R17>0,S17/R17,"——") -> 0.04291296 | U17: =VLOOKUP($A17,[3]基础指标!$Y$2:$AI$17,9,0) -> 723.26 | V17: =VLOOKUP($A17,[3]基础指标!$Y$2:$AI$17,10,0) -> 61.85 | W17: =V17/U17 -> 0.085515582 | X17: =S17-V17 -> -22.97 | Y17: =(S17/R17)-(V17/U17) -> -0.042602622 | Z17: =B17+J17+R17 -> 4258.8 | AA17: =C17+K17+S17 -> 934.51 | AB17: =IF(Z17>0,AA17/Z17,"——") -> 0.21943036 | AC17: =E17+M17+U17 -> 3845.99 | AD17: =F17+N17+V17 -> 1016.38 | AE17: =AD17/AC17 -> 0.26427006 | AF17: =AA17-AD17 -> -81.87 | AG17: =(AA17/Z17)-(AD17/AC17) -> -0.044839702 | AH17: 1888.0163 | AI17: =AA17/AH17 -> 0.49496924
A18: 腾冲 | B18: =VLOOKUP($A18,[2]基础指标!$AB$2:$AL$17,3,0) -> 252.14535 | C18: =VLOOKUP($A18,[2]基础指标!$AB$2:$AL$17,4,0) -> 66.537522 | D18: =IF(B18>0,C18/B18,"——") -> 0.26388558 | E18: =VLOOKUP($A18,[3]基础指标!$Y$2:$AI$17,3,0) -> 235.56623 | F18: =VLOOKUP($A18,[3]基础指标!$Y$2:$AI$17,4,0) -> 48.626346 | G18: =F18/E18 -> 0.20642325 | H18: =C18-F18 -> 17.911176 | I18: =D18-G18 -> 0.057462336 | J18: =VLOOKUP($A18,[2]基础指标!$AB$2:$AL$17,6,0) -> 192.13943 | K18: =VLOOKUP($A18,[2]基础指标!$AB$2:$AL$17,7,0) -> 18.899042 | L18: =IF(J18>0,K18/J18,"——") -> 0.098361083 | M18: =VLOOKUP($A18,[3]基础指标!$Y$2:$AI$17,6,0) -> 180.2115 | N18: =VLOOKUP($A18,[3]基础指标!$Y$2:$AI$17,7,0) -> 13.225258 | O18: =N18/M18 -> 0.073387423 | P18: =K18-N18 -> 5.673784 | Q18: =(K18/J18)-(N18/M18) -> 0.02497366 | R18: =VLOOKUP($A18,[2]基础指标!$AB$2:$AL$17,9,0) -> 183.06374 | S18: =VLOOKUP($A18,[2]基础指标!$AB$2:$AL$17,10,0) -> 8.725861 | T18: =IF(R18>0,S18/R18,"——") -> 0.047665698 | U18: =VLOOKUP($A18,[3]基础指标!$Y$2:$AI$17,9,0) -> 156.13896 | V18: =VLOOKUP($A18,[3]基础指标!$Y$2:$AI$17,10,0) -> 8.632615 | W18: =V18/U18 -> 0.055288028 | X18: =S18-V18 -> 0.093246 | Y18: =(S18/R18)-(V18/U18) -> -0.0076223307 | Z18: =B18+J18+R18 -> 627.34852 | AA18: =C18+K18+S18 -> 94.162425 | AB18: =IF(Z18>0,AA18/Z18,"——") -> 0.15009588 | AC18: =E18+M18+U18 -> 571.91669 | AD18: =F18+N18+V18 -> 70.484219 | AE18: =AD18/AC18 -> 0.12324211 | AF18: =AA18-AD18 -> 23.678206 | AG18: =(AA18/Z18)-(AD18/AC18) -> 0.026853767 | AH18: 214.38633 | AI18: =AA18/AH18 -> 0.43921841
A19: 版纳 | B19: =VLOOKUP($A19,[2]基础指标!$AB$2:$AL$17,3,0) -> 538.28093 | C19: =VLOOKUP($A19,[2]基础指标!$AB$2:$AL$17,4,0) -> 161.39121 | D19: =IF(B19>0,C19/B19,"——") -> 0.29982709 | E19: =VLOOKUP($A19,[3]基础指标!$Y$2:$AI$17,3,0) -> 575.2518 | F19: =VLOOKUP($A19,[3]基础指标!$Y$2:$AI$17,4,0) -> 167.60294 | G19: =F19/E19 -> 0.29135579 | H19: =C19-F19 -> -6.211738 | I19: =D19-G19 -> 0.0084713009 | J19: =VLOOKUP($A19,[2]基础指标!$AB$2:$AL$17,6,0) -> 323.41343 | K19: =VLOOKUP($A19,[2]基础指标!$AB$2:$AL$17,7,0) -> 25.475349 | L19: =IF(J19>0,K19/J19,"——") -> 0.078770226 | M19: =VLOOKUP($A19,[3]基础指标!$Y$2:$AI$17,6,0) -> 340.68684 | N19: =VLOOKUP($A19,[3]基础指标!$Y$2:$AI$17,7,0) -> 33.42944 | O19: =N19/M19 -> 0.09812366 | P19: =K19-N19 -> -7.954091 | Q19: =(K19/J19)-(N19/M19) -> -0.019353434 | R19: =VLOOKUP($A19,[2]基础指标!$AB$2:$AL$17,9,0) -> 301.93986 | S19: =VLOOKUP($A19,[2]基础指标!$AB$2:$AL$17,10,0) -> 9.980609 | T19: =IF(R19>0,S19/R19,"——") -> 0.033054956 | U19: =VLOOKUP($A19,[3]基础指标!$Y$2:$AI$17,9,0) -> 307.69675 | V19: =VLOOKUP($A19,[3]基础指标!$Y$2:$AI$17,10,0) -> 18.756808 | W19: =V19/U19 -> 0.060958746 | X19: =S19-V19 -> -8.776199 | Y19: =(S19/R19)-(V19/U19) -> -0.02790379 | Z19: =B19+J19+R19 -> 1163.6342 | AA19: =C19+K19+S19 -> 196.84716 | AB19: =IF(Z19>0,AA19/Z19,"——") -> 0.16916584 | AC19: =E19+M19+U19 -> 1223.6354 | AD19: =F19+N19+V19 -> 219.78919 | AE19: =AD19/AC19 -> 0.17961984 | AF19: =AA19-AD19 -> -22.942028 | AG19: =(AA19/Z19)-(AD19/AC19) -> -0.010453995 | AH19: 481.87325 | AI19: =AA19/AH19 -> 0.40850403
A20: 小计 | B20: =SUM(B14:B19) -> 5216.7942 | C20: =SUM(C14:C19) -> 2369.2168 | D20: =C20/B20 -> 0.45415187 | E20: =SUM(E14:E19) -> 5135.8234 | F20: =SUM(F14:F19) -> 2418.454 | G20: =F20/E20 -> 0.47089897 | H20: =SUM(H14:H19) -> -49.237161 | I20: =D20-G20 -> -0.016747107 | J20: =SUM(J14:J19) -> 2419.6402 | K20: =SUM(K14:K19) -> 280.6095 | L20: =K20/J20 -> 0.11597158 | M20: =SUM(M14:M19) -> 2180.4575 | N20: =SUM(N14:N19) -> 302.12208 | O20: =N20/M20 -> 0.13855903 | P20: =SUM(P14:P19) -> -21.512573 | Q20: =L20-O20 -> -0.022587444 | R20: =SUM(R14:R19) -> 1615.9347 | S20: =SUM(S14:S19) -> 84.548214 | T20: =S20/R20 -> 0.052321554 | U20: =SUM(U14:U19) -> 1421.5805 | V20: =SUM(V14:V19) -> 123.46626 | W20: =V20/U20 -> 0.086851403 | X20: =SUM(X14:X19) -> -38.918043 | Y20: =T20-W20 -> -0.034529849 | Z20: =SUM(Z14:Z19) -> 9252.369 | AA20: =SUM(AA14:AA19) -> 2734.3745 | AB20: =AA20/Z20 -> 0.29553237 | AC20: =SUM(AC14:AC19) -> 8737.8614 | AD20: =SUM(AD14:AD19) -> 2844.0423 | AE20: =AD20/AC20 -> 0.32548494 | AF20: =SUM(AF14:AF19) -> -109.66778 | AG20: =AB20-AE20 -> -0.029952574 | AH20: =SUM(AH14:AH19) -> 4746.6216 | AI20: =AA20/AH20 -> 0.57606753
A21: 合计 | B21: =B20+B13 -> 11442.275 | C21: =C20+C13 -> 4234.8852 | D21: =C21/B21 -> 0.37010869 | E21: =E20+E13 -> 9899.46 | F21: =F20+F13 -> 3906.0996 | G21: =F21/E21 -> 0.39457704 | H21: =H20+H13 -> 328.78557 | I21: =D21-G21 -> -0.024468353 | J21: =J20+J13 -> 4949.1447 | K21: =K20+K13 -> 564.43358 | L21: =K21/J21 -> 0.11404669 | M21: =M20+M13 -> 4215.0506 | N21: =N20+N13 -> 517.22787 | O21: =N21/M21 -> 0.12270977 | P21: =P20+P13 -> 47.205707 | Q21: =L21-O21 -> -0.0086630763 | R21: =R20+R13 -> 3569.3983 | S21: =S20+S13 -> 201.61949 | T21: =S21/R21 -> 0.056485569 | U21: =U20+U13 -> 3617.8863 | V21: =V20+V13 -> 251.6605 | W21: =V21/U21 -> 0.069560091 | X21: =X20+X13 -> -50.041006 | Y21: =T21-W21 -> -0.013074522 | Z21: =Z20+Z13 -> 19960.818 | AA21: =AA20+AA13 -> 5000.9383 | AB21: =AA21/Z21 -> 0.25053775 | AC21: =AC20+AC13 -> 17732.397 | AD21: =AD20+AD13 -> 4674.988 | AE21: =AD21/AC21 -> 0.26364107 | AF21: =AF20+AF13 -> 325.95027 | AG21: =AB21-AE21 -> -0.013103318 | AH21: =AH20+AH13 -> 10000.888 | AI21: =AA21/AH21 -> 0.5000494
A23: 历欠收费简报-外拓多业权（在管+撤场1年内）
A24: · 回款率=实收/应收，与清欠指标核算口径一致，未剔除减免
A25: 公司 | B25: 1年以内 | J25: 2-3年 | R25: 3年以上 | Z25: 合计 | AJ25: 备注
B26: 2026年 | E26: 2025年 | H26: 同比 | J26: 2026年 | M26: 2025年 | P26: 同比 | R26: 2026年 | U26: 2025年 | X26: 同比 | Z26: 2026年 | AC26: 2025年 | AF26: 同比 | AH26: 基础指标 | AI26: 指标 完成率
B27: 应收 | C27: 实收 | D27: 回款率 | E27: 应收 | F27: 实收 | G27: 回款率 | H27: 实收 | I27: 回款率 | J27: 应收 | K27: 实收 | L27: 回款率 | M27: 应收 | N27: 实收 | O27: 回款率 | P27: 实收 | Q27: 回款率 | R27: 应收 | S27: 实收 | T27: 回款率 | U27: 应收 | V27: 实收 | W27: 回款率 | X27: 实收 | Y27: 回款率 | Z27: 应收 | AA27: 实收 | AB27: 回款率 | AC27: 应收 | AD27: 实收 | AE27: 回款率 | AF27: 实收 | AG27: 回款率
A28: 阜阳 | B28: =VLOOKUP($A28,[2]基础指标!$AB$21:$AL$36,3,0) -> 202.06348 | C28: =VLOOKUP($A28,[2]基础指标!$AB$21:$AL$36,4,0) -> 135.16528 | D28: =IF(B28>0,C28/B28,"——") -> 0.66892486 | E28: =VLOOKUP($A28,[3]基础指标!$Y$21:$AI$36,3,0) -> 389.46524 | F28: =VLOOKUP($A28,[3]基础指标!$Y$21:$AI$36,4,0) -> 159.48492 | G28: =IF(E28>0,F28/E28,"——") -> 0.40949718 | H28: =C28-F28 -> -24.319637 | I28: =D28-G28 -> 0.25942768 | J28: =VLOOKUP($A28,[2]基础指标!$AB$21:$AL$36,6,0) -> 33.769442 | K28: =VLOOKUP($A28,[2]基础指标!$AB$21:$AL$36,7,0) -> 6.685787 | L28: =IF(J28>0,K28/J28,"——") -> 0.19798334 | M28: =VLOOKUP($A28,[3]基础指标!$Y$21:$AI$36,6,0) -> 14.164628 | N28: =VLOOKUP($A28,[3]基础指标!$Y$21:$AI$36,7,0) -> 1.892335 | O28: =IF(M28>0,N28/M28,"——") -> 0.13359581 | P28: =K28-N28 -> 4.793452 | Q28: =(K28/J28)-(N28/M28) -> 0.064387529 | R28: =VLOOKUP($A28,[2]基础指标!$AB$21:$AL$36,9,0) -> 0 | S28: =VLOOKUP($A28,[2]基础指标!$AB$21:$AL$36,10,0) -> 0 | T28: =IF(R28>0,S28/R28,"——") -> —— | U28: =VLOOKUP($A28,[3]基础指标!$Y$21:$AI$36,9,0) -> 0 | V28: =VLOOKUP($A28,[3]基础指标!$Y$21:$AI$36,10,0) -> 0 | W28: =IF(U28>0,V28/U28,"——") -> —— | X28: =S28-V28 -> 0 | Y28: —— | Z28: =B28+J28+R28 -> 235.83292 | AA28: =C28+K28+S28 -> 141.85107 | AB28: =IF(Z28>0,AA28/Z28,"——") -> 0.60148969 | AC28: =E28+M28+U28 -> 403.62987 | AD28: =F28+N28+V28 -> 161.37726 | AE28: =IF(AC28>0,AD28/AC28,"——") -> 0.39981495 | AF28: =AA28-AD28 -> -19.526185 | AG28: =(AA28/Z28)-(AD28/AC28) -> 0.20167475 | AH28: 106.05956 | AI28: =AA28/AH28 -> 1.3374662
A29: 北城 | B29: =VLOOKUP($A29,[2]基础指标!$AB$21:$AL$36,3,0) -> 852.53196 | C29: =VLOOKUP($A29,[2]基础指标!$AB$21:$AL$36,4,0) -> 259.60498 | D29: =IF(B29>0,C29/B29,"——") -> 0.30451056 | E29: =VLOOKUP($A29,[3]基础指标!$Y$21:$AI$36,3,0) -> 916.37934 | F29: =VLOOKUP($A29,[3]基础指标!$Y$21:$AI$36,4,0) -> 237.31997 | G29: =IF(E29>0,F29/E29,"——") -> 0.25897569 | H29: =C29-F29 -> 22.28501 | I29: =D29-G29 -> 0.045534868 | J29: =VLOOKUP($A29,[2]基础指标!$AB$21:$AL$36,6,0) -> 604.33637 | K29: =VLOOKUP($A29,[2]基础指标!$AB$21:$AL$36,7,0) -> 57.530853 | L29: =IF(J29>0,K29/J29,"——") -> 0.095196741 | M29: =VLOOKUP($A29,[3]基础指标!$Y$21:$AI$36,6,0) -> 630.9415 | N29: =VLOOKUP($A29,[3]基础指标!$Y$21:$AI$36,7,0) -> 62.364382 | O29: =IF(M29>0,N29/M29,"——") -> 0.098843367 | P29: =K29-N29 -> -4.833529 | Q29: =(K29/J29)-(N29/M29) -> -0.0036466264 | R29: =VLOOKUP($A29,[2]基础指标!$AB$21:$AL$36,9,0) -> 334.38801 | S29: =VLOOKUP($A29,[2]基础指标!$AB$21:$AL$36,10,0) -> 8.41669 | T29: =IF(R29>0,S29/R29,"——") -> 0.02517043 | U29: =VLOOKUP($A29,[3]基础指标!$Y$21:$AI$36,9,0) -> 256.10996 | V29: =VLOOKUP($A29,[3]基础指标!$Y$21:$AI$36,10,0) -> 15.706511 | W29: =IF(U29>0,V29/U29,"——") -> 0.061327218 | X29: =S29-V29 -> -7.289821 | Y29: =(S29/R29)-(V29/U29) -> -0.036156788 | Z29: =B29+J29+R29 -> 1791.2563 | AA29: =C29+K29+S29 -> 325.55252 | AB29: =IF(Z29>0,AA29/Z29,"——") -> 0.18174536 | AC29: =E29+M29+U29 -> 1803.4308 | AD29: =F29+N29+V29 -> 315.39086 | AE29: =IF(AC29>0,AD29/AC29,"——") -> 0.17488382 | AF29: =AA29-AD29 -> 10.16166 | AG29: =(AA29/Z29)-(AD29/AC29) -> 0.0068615387 | AH29: 665.81851 | AI29: =AA29/AH29 -> 0.48895085
A30: 滨湖 | B30: =VLOOKUP($A30,[2]基础指标!$AB$21:$AL$36,3,0) -> 436.97893 | C30: =VLOOKUP($A30,[2]基础指标!$AB$21:$AL$36,4,0) -> 133.72 | D30: =IF(B30>0,C30/B30,"——") -> 0.30601018 | E30: =VLOOKUP($A30,[3]基础指标!$Y$21:$AI$36,3,0) -> 387.59 | F30: =VLOOKUP($A30,[3]基础指标!$Y$21:$AI$36,4,0) -> 107.23 | G30: =IF(E30>0,F30/E30,"——") -> 0.27665832 | H30: =C30-F30 -> 26.49 | I30: =D30-G30 -> 0.029351853 | J30: =VLOOKUP($A30,[2]基础指标!$AB$21:$AL$36,6,0) -> 229.20517 | K30: =VLOOKUP($A30,[2]基础指标!$AB$21:$AL$36,7,0) -> 31.47 | L30: =IF(J30>0,K30/J30,"——") -> 0.13730057 | M30: =VLOOKUP($A30,[3]基础指标!$Y$21:$AI$36,6,0) -> 132.09 | N30: =VLOOKUP($A30,[3]基础指标!$Y$21:$AI$36,7,0) -> 13.66 | O30: =IF(M30>0,N30/M30,"——") -> 0.10341434 | P30: =K30-N30 -> 17.81 | Q30: =(K30/J30)-(N30/M30) -> 0.033886228 | R30: =VLOOKUP($A30,[2]基础指标!$AB$21:$AL$36,9,0) -> 10.20912 | S30: =VLOOKUP($A30,[2]基础指标!$AB$21:$AL$36,10,0) -> 1.47 | T30: =IF(R30>0,S30/R30,"——") -> 0.1439889 | U30: =VLOOKUP($A30,[3]基础指标!$Y$21:$AI$36,9,0) -> 0.2 | V30: =VLOOKUP($A30,[3]基础指标!$Y$21:$AI$36,10,0) -> 0.05 | W30: =IF(U30>0,V30/U30,"——") -> 0.25 | X30: =S30-V30 -> 1.42 | Y30: =(S30/R30)-(V30/U30) -> -0.1060111 | Z30: =B30+J30+R30 -> 676.39322 | AA30: =C30+K30+S30 -> 166.66 | AB30: =IF(Z30>0,AA30/Z30,"——") -> 0.24639514 | AC30: =E30+M30+U30 -> 519.88 | AD30: =F30+N30+V30 -> 120.94 | AE30: =IF(AC30>0,AD30/AC30,"——") -> 0.23263061 | AF30: =AA30-AD30 -> 45.72 | AG30: =(AA30/Z30)-(AD30/AC30) -> 0.013764529 | AH30: 363.62992 | AI30: =AA30/AH30 -> 0.45832312
A31: 北京 | B31: =VLOOKUP($A31,[2]基础指标!$AB$21:$AL$36,3,0) -> 771.59873 | C31: =VLOOKUP($A31,[2]基础指标!$AB$21:$AL$36,4,0) -> 123.07275 | D31: =IF(B31>0,C31/B31,"——") -> 0.15950356 | E31: =VLOOKUP($A31,[3]基础指标!$Y$21:$AI$36,3,0) -> 843.53623 | F31: =VLOOKUP($A31,[3]基础指标!$Y$21:$AI$36,4,0) -> 134.87917 | G31: =IF(E31>0,F31/E31,"——") -> 0.1598973 | H31: =C31-F31 -> -11.80642 | I31: =D31-G31 -> -0.00039373812 | J31: =VLOOKUP($A31,[2]基础指标!$AB$21:$AL$36,6,0) -> 707.33692 | K31: =VLOOKUP($A31,[2]基础指标!$AB$21:$AL$36,7,0) -> 27.775828 | L31: =IF(J31>0,K31/J31,"——") -> 0.039268172 | M31: =VLOOKUP($A31,[3]基础指标!$Y$21:$AI$36,6,0) -> 785.60887 | N31: =VLOOKUP($A31,[3]基础指标!$Y$21:$AI$36,7,0) -> 48.823193 | O31: =IF(M31>0,N31/M31,"——") -> 0.062146948 | P31: =K31-N31 -> -21.047365 | Q31: =(K31/J31)-(N31/M31) -> -0.022878776 | R31: =VLOOKUP($A31,[2]基础指标!$AB$21:$AL$36,9,0) -> 446.88579 | S31: =VLOOKUP($A31,[2]基础指标!$AB$21:$AL$36,10,0) -> 10.387854 | T31: =IF(R31>0,S31/R31,"——") -> 0.023244986 | U31: =VLOOKUP($A31,[3]基础指标!$Y$21:$AI$36,9,0) -> 255.57837 | V31: =VLOOKUP($A31,[3]基础指标!$Y$21:$AI$36,10,0) -> 13.372065 | W31: =IF(U31>0,V31/U31,"——") -> 0.052320801 | X31: =S31-V31 -> -2.984211 | Y31: =(S31/R31)-(V31/U31) -> -0.029075815 | Z31: =B31+J31+R31 -> 1925.8214 | AA31: =C31+K31+S31 -> 161.23643 | AB31: =IF(Z31>0,AA31/Z31,"——") -> 0.083723456 | AC31: =E31+M31+U31 -> 1884.7235 | AD31: =F31+N31+V31 -> 197.07442 | AE31: =IF(AC31>0,AD31/AC31,"——") -> 0.10456411 | AF31: =AA31-AD31 -> -35.837996 | AG31: =(AA31/Z31)-(AD31/AC31) -> -0.020840649 | AH31: 443.38577 | AI31: =AA31/AH31 -> 0.36364818
A32: 贵阳 | B32: =VLOOKUP($A32,[2]基础指标!$AB$21:$AL$36,3,0) -> 862.04022 | C32: =VLOOKUP($A32,[2]基础指标!$AB$21:$AL$36,4,0) -> 139.47943 | D32: =IF(B32>0,C32/B32,"——") -> 0.16180153 | E32: =VLOOKUP($A32,[3]基础指标!$Y$21:$AI$36,3,0) -> 907.84317 | F32: =VLOOKUP($A32,[3]基础指标!$Y$21:$AI$36,4,0) -> 197.34551 | G32: =IF(E32>0,F32/E32,"——") -> 0.21737842 | H32: =C32-F32 -> -57.866083 | I32: =D32-G32 -> -0.055576885 | J32: =VLOOKUP($A32,[2]基础指标!$AB$21:$AL$36,6,0) -> 567.03013 | K32: =VLOOKUP($A32,[2]基础指标!$AB$21:$AL$36,7,0) -> 36.788132 | L32: =IF(J32>0,K32/J32,"——") -> 0.064878619 | M32: =VLOOKUP($A32,[3]基础指标!$Y$21:$AI$36,6,0) -> 374.70069 | N32: =VLOOKUP($A32,[3]基础指标!$Y$21:$AI$36,7,0) -> 31.483331 | O32: =IF(M32>0,N32/M32,"——") -> 0.084022612 | P32: =K32-N32 -> 5.304801 | Q32: =(K32/J32)-(N32/M32) -> -0.019143993 | R32: =VLOOKUP($A32,[2]基础指标!$AB$21:$AL$36,9,0) -> 130.75712 | S32: =VLOOKUP($A32,[2]基础指标!$AB$21:$AL$36,10,0) -> 2.939088 | T32: =IF(R32>0,S32/R32,"——") -> 0.022477461 | U32: =VLOOKUP($A32,[3]基础指标!$Y$21:$AI$36,9,0) -> 103.02287 | V32: =VLOOKUP($A32,[3]基础指标!$Y$21:$AI$36,10,0) -> 1.816924 | W32: =IF(U32>0,V32/U32,"——") -> 0.017636123 | X32: =S32-V32 -> 1.122164 | Y32: =(S32/R32)-(V32/U32) -> 0.0048413379 | Z32: =B32+J32+R32 -> 1559.8275 | AA32: =C32+K32+S32 -> 179.20665 | AB32: =IF(Z32>0,AA32/Z32,"——") -> 0.11488876 | AC32: =E32+M32+U32 -> 1385.5667 | AD32: =F32+N32+V32 -> 230.64577 | AE32: =IF(AC32>0,AD32/AC32,"——") -> 0.16646312 | AF32: =AA32-AD32 -> -51.439118 | AG32: =(AA32/Z32)-(AD32/AC32) -> -0.05157436 | AH32: 606.35044 | AI32: =AA32/AH32 -> 0.29554963
A33: 长沙 | B33: =VLOOKUP($A33,[2]基础指标!$AB$21:$AL$36,3,0) -> 568.31747 | C33: =VLOOKUP($A33,[2]基础指标!$AB$21:$AL$36,4,0) -> 35.482516 | D33: =IF(B33>0,C33/B33,"——") -> 0.062434322 | E33: =VLOOKUP($A33,[3]基础指标!$Y$21:$AI$36,3,0) -> 707.44803 | F33: =VLOOKUP($A33,[3]基础指标!$Y$21:$AI$36,4,0) -> 90.664289 | G33: =IF(E33>0,F33/E33,"——") -> 0.12815682 | H33: =C33-F33 -> -55.181773 | I33: =D33-G33 -> -0.065722497 | J33: =VLOOKUP($A33,[2]基础指标!$AB$21:$AL$36,6,0) -> 507.28994 | K33: =VLOOKUP($A33,[2]基础指标!$AB$21:$AL$36,7,0) -> 30.230277 | L33: =IF(J33>0,K33/J33,"——") -> 0.059591714 | M33: =VLOOKUP($A33,[3]基础指标!$Y$21:$AI$36,6,0) -> 419.22148 | N33: =VLOOKUP($A33,[3]基础指标!$Y$21:$AI$36,7,0) -> 23.601361 | O33: =IF(M33>0,N33/M33,"——") -> 0.056298071 | P33: =K33-N33 -> 6.628916 | Q33: =(K33/J33)-(N33/M33) -> 0.0032936433 | R33: =VLOOKUP($A33,[2]基础指标!$AB$21:$AL$36,9,0) -> 25.994571 | S33: =VLOOKUP($A33,[2]基础指标!$AB$21:$AL$36,10,0) -> 0.592348 | T33: =IF(R33>0,S33/R33,"——") -> 0.022787374 | U33: =VLOOKUP($A33,[3]基础指标!$Y$21:$AI$36,9,0) -> 95.620531 | V33: =VLOOKUP($A33,[3]基础指标!$Y$21:$AI$36,10,0) -> 4.903562 | W33: =IF(U33>0,V33/U33,"——") -> 0.051281476 | X33: =S33-V33 -> -4.311214 | Y33: =(S33/R33)-(V33/U33) -> -0.028494103 | Z33: =B33+J33+R33 -> 1101.602 | AA33: =C33+K33+S33 -> 66.305141 | AB33: =IF(Z33>0,AA33/Z33,"——") -> 0.060189744 | AC33: =E33+M33+U33 -> 1222.29 | AD33: =F33+N33+V33 -> 119.16921 | AE33: =IF(AC33>0,AD33/AC33,"——") -> 0.097496672 | AF33: =AA33-AD33 -> -52.864071 | AG33: =(AA33/Z33)-(AD33/AC33) -> -0.037306928 | AH33: 254.81945 | AI33: =AA33/AH33 -> 0.26020439 | AJ33: 玺宇悦城未收房欠费挂账，公司与财务沟通中
A34: 宁波 | B34: =VLOOKUP($A34,[2]基础指标!$AB$21:$AL$36,3,0) -> 14.84 | C34: =VLOOKUP($A34,[2]基础指标!$AB$21:$AL$36,4,0) -> 2.685916 | D34: =IF(B34>0,C34/B34,"——") -> 0.18099164 | E34: =VLOOKUP($A34,[3]基础指标!$Y$21:$AI$36,3,0) -> 493.42 | F34: =VLOOKUP($A34,[3]基础指标!$Y$21:$AI$36,4,0) -> 112.77 | G34: =IF(E34>0,F34/E34,"——") -> 0.22854769 | H34: =C34-F34 -> -110.08408 | I34: =D34-G34 -> -0.047556043 | J34: =VLOOKUP($A34,[2]基础指标!$AB$21:$AL$36,6,0) -> 304.28 | K34: =VLOOKUP($A34,[2]基础指标!$AB$21:$AL$36,7,0) -> 2.413548 | L34: =IF(J34>0,K34/J34,"——") -> 0.0079319968 | M34: =VLOOKUP($A34,[3]基础指标!$Y$21:$AI$36,6,0) -> 103.61 | N34: =VLOOKUP($A34,[3]基础指标!$Y$21:$AI$36,7,0) -> 1.75 | O34: =IF(M34>0,N34/M34,"——") -> 0.016890262 | P34: =K34-N34 -> 0.663548 | Q34: =(K34/J34)-(N34/M34) -> -0.0089582647 | R34: =VLOOKUP($A34,[2]基础指标!$AB$21:$AL$36,9,0) -> 0 | S34: =VLOOKUP($A34,[2]基础指标!$AB$21:$AL$36,10,0) -> 0 | T34: =IF(R34>0,S34/R34,"——") -> —— | U34: =VLOOKUP($A34,[3]基础指标!$Y$21:$AI$36,9,0) -> 30.48 | V34: =VLOOKUP($A34,[3]基础指标!$Y$21:$AI$36,10,0) -> 0.19 | W34: =IF(U34>0,V34/U34,"——") -> 0.0062335958 | X34: =S34-V34 -> -0.19 | Y34: —— | Z34: =B34+J34+R34 -> 319.12 | AA34: =C34+K34+S34 -> 5.099464 | AB34: =IF(Z34>0,AA34/Z34,"——") -> 0.015979769 | AC34: =E34+M34+U34 -> 627.51 | AD34: =F34+N34+V34 -> 114.71 | AE34: =IF(AC34>0,AD34/AC34,"——") -> 0.18280187 | AF34: =AA34-AD34 -> -109.61054 | AG34: =(AA34/Z34)-(AD34/AC34) -> -0.1668221 | AH34: 31.912 | AI34: =AA34/AH34 -> 0.15979769 | AJ34: 项目撤场应收减少，影响收费率
A35: 小计 | B35: =SUM(B28:B34) -> 3708.3708 | C35: =SUM(C28:C34) -> 829.21087 | D35: =C35/B35 -> 0.22360517 | E35: =SUM(E28:E34) -> 4645.682 | F35: =SUM(F28:F34) -> 1039.6939 | G35: =F35/E35 -> 0.2237979 | H35: =SUM(H28:H34) -> -210.48299 | I35: =D35-G35 -> -0.00019272775 | J35: =SUM(J28:J34) -> 2953.248 | K35: =SUM(K28:K34) -> 192.89443 | L35: =K35/J35 -> 0.065316027 | M35: =SUM(M28:M34) -> 2460.3372 | N35: =SUM(N28:N34) -> 183.5746 | O35: =N35/M35 -> 0.074613595 | P35: =SUM(P28:P34) -> 9.319823 | Q35: =L35-O35 -> -0.0092975683 | R35: =SUM(R28:R34) -> 948.23461 | S35: =SUM(S28:S34) -> 23.80598 | T35: =S35/R35 -> 0.02510558 | U35: =SUM(U28:U34) -> 741.01172 | V35: =SUM(V28:V34) -> 36.039062 | W35: =V35/U35 -> 0.048634942 | X35: =SUM(X28:X34) -> -12.233082 | Y35: =T35-W35 -> -0.023529362 | Z35: =SUM(Z28:Z34) -> 7609.8534 | AA35: =SUM(AA28:AA34) -> 1045.9113 | AB35: =AA35/Z35 -> 0.13744171 | AC35: =SUM(AC28:AC34) -> 7847.0309 | AD35: =SUM(AD28:AD34) -> 1259.3075 | AE35: =AD35/AC35 -> 0.16048204 | AF35: =SUM(AF28:AF34) -> -213.39625 | AG35: =AB35-AE35 -> -0.023040327 | AH35: =SUM(AH28:AH34) -> 2471.9756 | AI35: =AA35/AH35 -> 0.42310744
A36: 腾冲 | B36: =VLOOKUP($A36,[2]基础指标!$AB$21:$AL$36,3,0) -> 112.56437 | C36: =VLOOKUP($A36,[2]基础指标!$AB$21:$AL$36,4,0) -> 44.46674 | D36: =IF(B36>0,C36/B36,"——") -> 0.3950339 | E36: =VLOOKUP($A36,[3]基础指标!$Y$21:$AI$36,3,0) -> 135.37774 | F36: =VLOOKUP($A36,[3]基础指标!$Y$21:$AI$36,4,0) -> 34.668519 | G36: =IF(E36>0,F36/E36,"——") -> 0.2560873 | H36: =C36-F36 -> 9.798221 | I36: =D36-G36 -> 0.1389466 | J36: =VLOOKUP($A36,[2]基础指标!$AB$21:$AL$36,6,0) -> 44.051794 | K36: =VLOOKUP($A36,[2]基础指标!$AB$21:$AL$36,7,0) -> 4.519763 | L36: =IF(J36>0,K36/J36,"——") -> 0.10260111 | M36: =VLOOKUP($A36,[3]基础指标!$Y$21:$AI$36,6,0) -> 128.3298 | N36: =VLOOKUP($A36,[3]基础指标!$Y$21:$AI$36,7,0) -> 10.076575 | O36: =IF(M36>0,N36/M36,"——") -> 0.078520926 | P36: =K36-N36 -> -5.556812 | Q36: =(K36/J36)-(N36/M36) -> 0.024080185 | R36: =VLOOKUP($A36,[2]基础指标!$AB$21:$AL$36,9,0) -> 7.971188 | S36: =VLOOKUP($A36,[2]基础指标!$AB$21:$AL$36,10,0) -> 0.276489 | T36: =IF(R36>0,S36/R36,"——") -> 0.034686047 | U36: =VLOOKUP($A36,[3]基础指标!$Y$21:$AI$36,9,0) -> 27.151651 | V36: =VLOOKUP($A36,[3]基础指标!$Y$21:$AI$36,10,0) -> 0.806386 | W36: =IF(U36>0,V36/U36,"——") -> 0.029699336 | X36: =S36-V36 -> -0.529897 | Y36: =(S36/R36)-(V36/U36) -> 0.004986711 | Z36: =B36+J36+R36 -> 164.58735 | AA36: =C36+K36+S36 -> 49.262992 | AB36: =IF(Z36>0,AA36/Z36,"——") -> 0.29931214 | AC36: =E36+M36+U36 -> 290.85919 | AD36: =F36+N36+V36 -> 45.55148 | AE36: =IF(AC36>0,AD36/AC36,"——") -> 0.15661008 | AF36: =AA36-AD36 -> 3.711512 | AG36: =(AA36/Z36)-(AD36/AC36) -> 0.14270207 | AH36: 57.177817 | AI36: =AA36/AH36 -> 0.86157525
A37: 罗源 | B37: =VLOOKUP($A37,[2]基础指标!$AB$21:$AL$36,3,0) -> 157.04686 | C37: =VLOOKUP($A37,[2]基础指标!$AB$21:$AL$36,4,0) -> 85.809552 | D37: =IF(B37>0,C37/B37,"——") -> 0.54639457 | E37: =VLOOKUP($A37,[3]基础指标!$Y$21:$AI$36,3,0) -> 7.92444 | F37: =VLOOKUP($A37,[3]基础指标!$Y$21:$AI$36,4,0) -> 3.919412 | G37: =IF(E37>0,F37/E37,"——") -> 0.49459798 | H37: =C37-F37 -> 81.89014 | I37: =D37-G37 -> 0.051796595 | J37: =VLOOKUP($A37,[2]基础指标!$AB$21:$AL$36,6,0) -> 65.853913 | K37: =VLOOKUP($A37,[2]基础指标!$AB$21:$AL$36,7,0) -> 9.819514 | L37: =IF(J37>0,K37/J37,"——") -> 0.14911056 | M37: =VLOOKUP($A37,[3]基础指标!$Y$21:$AI$36,6,0) -> 0 | N37: =VLOOKUP($A37,[3]基础指标!$Y$21:$AI$36,7,0) -> 0 | O37: =IF(M37>0,N37/M37,"——") -> —— | P37: =K37-N37 -> 9.819514 | Q37: —— | R37: =VLOOKUP($A37,[2]基础指标!$AB$21:$AL$36,9,0) -> 21.512833 | S37: =VLOOKUP($A37,[2]基础指标!$AB$21:$AL$36,10,0) -> 0.995679 | T37: =IF(R37>0,S37/R37,"——") -> 0.046283026 | U37: =VLOOKUP($A37,[3]基础指标!$Y$21:$AI$36,9,0) -> 0 | V37: =VLOOKUP($A37,[3]基础指标!$Y$21:$AI$36,10,0) -> 0 | W37: =IF(U37>0,V37/U37,"——") -> —— | X37: =S37-V37 -> 0.995679 | Y37: —— | Z37: =B37+J37+R37 -> 244.41361 | AA37: =C37+K37+S37 -> 96.624745 | AB37: =IF(Z37>0,AA37/Z37,"——") -> 0.39533292 | AC37: =E37+M37+U37 -> 7.92444 | AD37: =F37+N37+V37 -> 3.919412 | AE37: =IF(AC37>0,AD37/AC37,"——") -> 0.49459798 | AF37: =AA37-AD37 -> 92.705333 | AG37: =(AA37/Z37)-(AD37/AC37) -> -0.099265056 | AH37: 115.83206 | AI37: =AA37/AH37 -> 0.83417966
A38: 闽江 | B38: =VLOOKUP($A38,[2]基础指标!$AB$21:$AL$36,3,0) -> 142.74 | C38: =VLOOKUP($A38,[2]基础指标!$AB$21:$AL$36,4,0) -> 51.75 | D38: =IF(B38>0,C38/B38,"——") -> 0.36254729 | E38: =VLOOKUP($A38,[3]基础指标!$Y$21:$AI$36,3,0) -> 0 | F38: =VLOOKUP($A38,[3]基础指标!$Y$21:$AI$36,4,0) -> 0 | G38: =IF(E38>0,F38/E38,"——") -> —— | H38: =C38-F38 -> 51.75 | I38: =D38 -> 0.36254729 | J38: =VLOOKUP($A38,[2]基础指标!$AB$21:$AL$36,6,0) -> 56.7 | K38: =VLOOKUP($A38,[2]基础指标!$AB$21:$AL$36,7,0) -> 6.69 | L38: =IF(J38>0,K38/J38,"——") -> 0.11798942 | M38: =VLOOKUP($A38,[3]基础指标!$Y$21:$AI$36,6,0) -> 0 | N38: =VLOOKUP($A38,[3]基础指标!$Y$21:$AI$36,7,0) -> 0 | O38: =IF(M38>0,N38/M38,"——") -> —— | P38: =K38-N38 -> 6.69 | Q38: =L38 -> 0.11798942 | R38: =VLOOKUP($A38,[2]基础指标!$AB$21:$AL$36,9,0) -> 24.02 | S38: =VLOOKUP($A38,[2]基础指标!$AB$21:$AL$36,10,0) -> 1.49 | T38: =IF(R38>0,S38/R38,"——") -> 0.06203164 | U38: =VLOOKUP($A38,[3]基础指标!$Y$21:$AI$36,9,0) -> 0 | V38: =VLOOKUP($A38,[3]基础指标!$Y$21:$AI$36,10,0) -> 0 | W38: =IF(U38>0,V38/U38,"——") -> —— | X38: =S38-V38 -> 1.49 | Y38: =T38 -> 0.06203164 | Z38: =B38+J38+R38 -> 223.46 | AA38: =C38+K38+S38 -> 59.93 | AB38: =IF(Z38>0,AA38/Z38,"——") -> 0.26819118 | AC38: =E38+M38+U38 -> 0 | AD38: =F38+N38+V38 -> 0 | AE38: =IF(AC38>0,AD38/AC38,"——") -> —— | AF38: =AA38-AD38 -> 59.93 | AG38: =AB38 -> 0.26819118 | AH38: 103.8218 | AI38: =AA38/AH38 -> 0.57723908
A39: 连江 | B39: =VLOOKUP($A39,[2]基础指标!$AB$21:$AL$36,3,0) -> 43.54 | C39: =VLOOKUP($A39,[2]基础指标!$AB$21:$AL$36,4,0) -> 16.96 | D39: =IF(B39>0,C39/B39,"——") -> 0.38952687 | E39: =VLOOKUP($A39,[3]基础指标!$Y$21:$AI$36,3,0) -> 37.69 | F39: =VLOOKUP($A39,[3]基础指标!$Y$21:$AI$36,4,0) -> 15.91 | G39: =IF(E39>0,F39/E39,"——") -> 0.42212789 | H39: =C39-F39 -> 1.05 | I39: =D39-G39 -> -0.032601014 | J39: =VLOOKUP($A39,[2]基础指标!$AB$21:$AL$36,6,0) -> 23.59 | K39: =VLOOKUP($A39,[2]基础指标!$AB$21:$AL$36,7,0) -> 1.52 | L39: =IF(J39>0,K39/J39,"——") -> 0.064434082 | M39: =VLOOKUP($A39,[3]基础指标!$Y$21:$AI$36,6,0) -> 20.28 | N39: =VLOOKUP($A39,[3]基础指标!$Y$21:$AI$36,7,0) -> 1.33 | O39: =IF(M39>0,N39/M39,"——") -> 0.065581854 | P39: =K39-N39 -> 0.19 | Q39: =(K39/J39)-(N39/M39) -> -0.0011477718 | R39: =VLOOKUP($A39,[2]基础指标!$AB$21:$AL$36,9,0) -> 16.406082 | S39: =VLOOKUP($A39,[2]基础指标!$AB$21:$AL$36,10,0) -> 0.38 | T39: =IF(R39>0,S39/R39,"——") -> 0.023162142 | U39: =VLOOKUP($A39,[3]基础指标!$Y$21:$AI$36,9,0) -> 12.32 | V39: =VLOOKUP($A39,[3]基础指标!$Y$21:$AI$36,10,0) -> 0.46 | W39: =IF(U39>0,V39/U39,"——") -> 0.037337662 | X39: =S39-V39 -> -0.08 | Y39: =(S39/R39)-(V39/U39) -> -0.01417552 | Z39: =B39+J39+R39 -> 83.536082 | AA39: =C39+K39+S39 -> 18.86 | AB39: =IF(Z39>0,AA39/Z39,"——") -> 0.2257707 | AC39: =E39+M39+U39 -> 70.29 | AD39: =F39+N39+V39 -> 17.7 | AE39: =IF(AC39>0,AD39/AC39,"——") -> 0.25181391 | AF39: =AA39-AD39 -> 1.16 | AG39: =(AA39/Z39)-(AD39/AC39) -> -0.02604321 | AH39: 41.339091 | AI39: =AA39/AH39 -> 0.45622677
A40: 昆明 | B40: =VLOOKUP($A40,[2]基础指标!$AB$21:$AL$36,3,0) -> 727.75695 | C40: =VLOOKUP($A40,[2]基础指标!$AB$21:$AL$36,4,0) -> 151.6696 | D40: =IF(B40>0,C40/B40,"——") -> 0.20840695 | E40: =VLOOKUP($A40,[3]基础指标!$Y$21:$AI$36,3,0) -> 704.78647 | F40: =VLOOKUP($A40,[3]基础指标!$Y$21:$AI$36,4,0) -> 193.02051 | G40: =IF(E40>0,F40/E40,"——") -> 0.27387091 | H40: =C40-F40 -> -41.350907 | I40: =D40-G40 -> -0.065463964 | J40: =VLOOKUP($A40,[2]基础指标!$AB$21:$AL$36,6,0) -> 529.96059 | K40: =VLOOKUP($A40,[2]基础指标!$AB$21:$AL$36,7,0) -> 28.056331 | L40: =IF(J40>0,K40/J40,"——") -> 0.05294041 | M40: =VLOOKUP($A40,[3]基础指标!$Y$21:$AI$36,6,0) -> 553.56266 | N40: =VLOOKUP($A40,[3]基础指标!$Y$21:$AI$36,7,0) -> 43.721664 | O40: =IF(M40>0,N40/M40,"——") -> 0.078982322 | P40: =K40-N40 -> -15.665333 | Q40: =(K40/J40)-(N40/M40) -> -0.026041912 | R40: =VLOOKUP($A40,[2]基础指标!$AB$21:$AL$36,9,0) -> 205.23221 | S40: =VLOOKUP($A40,[2]基础指标!$AB$21:$AL$36,10,0) -> 3.703836 | T40: =IF(R40>0,S40/R40,"——") -> 0.01804705 | U40: =VLOOKUP($A40,[3]基础指标!$Y$21:$AI$36,9,0) -> 167.19777 | V40: =VLOOKUP($A40,[3]基础指标!$Y$21:$AI$36,10,0) -> 4.454444 | W40: =IF(U40>0,V40/U40,"——") -> 0.026641766 | X40: =S40-V40 -> -0.750608 | Y40: =(S40/R40)-(V40/U40) -> -0.0085947163 | Z40: =B40+J40+R40 -> 1462.9497 | AA40: =C40+K40+S40 -> 183.42977 | AB40: =IF(Z40>0,AA40/Z40,"——") -> 0.12538351 | AC40: =E40+M40+U40 -> 1425.5469 | AD40: =F40+N40+V40 -> 241.19662 | AE40: =IF(AC40>0,AD40/AC40,"——") -> 0.16919585 | AF40: =AA40-AD40 -> -57.766848 | AG40: =(AA40/Z40)-(AD40/AC40) -> -0.043812343 | AH40: 449.73327 | AI40: =AA40/AH40 -> 0.40786347 | AJ40: 撤场项目回款进度慢
A41: 版纳 | B41: =VLOOKUP($A41,[2]基础指标!$AB$21:$AL$36,3,0) -> 363.94745 | C41: =VLOOKUP($A41,[2]基础指标!$AB$21:$AL$36,4,0) -> 70.345527 | D41: =IF(B41>0,C41/B41,"——") -> 0.19328485 | E41: =VLOOKUP($A41,[3]基础指标!$Y$21:$AI$36,3,0) -> 347.6192 | F41: =VLOOKUP($A41,[3]基础指标!$Y$21:$AI$36,4,0) -> 70.333655 | G41: =IF(E41>0,F41/E41,"——") -> 0.2023296 | H41: =C41-F41 -> 0.011872 | I41: =D41-G41 -> -0.0090447552 | J41: =VLOOKUP($A41,[2]基础指标!$AB$21:$AL$36,6,0) -> 243.83659 | K41: =VLOOKUP($A41,[2]基础指标!$AB$21:$AL$36,7,0) -> 17.240315 | L41: =IF(J41>0,K41/J41,"——") -> 0.07070438 | M41: =VLOOKUP($A41,[3]基础指标!$Y$21:$AI$36,6,0) -> 232.00606 | N41: =VLOOKUP($A41,[3]基础指标!$Y$21:$AI$36,7,0) -> 20.522295 | O41: =IF(M41>0,N41/M41,"——") -> 0.088455858 | P41: =K41-N41 -> -3.28198 | Q41: =(K41/J41)-(N41/M41) -> -0.017751477 | R41: =VLOOKUP($A41,[2]基础指标!$AB$21:$AL$36,9,0) -> 143.95884 | S41: =VLOOKUP($A41,[2]基础指标!$AB$21:$AL$36,10,0) -> 4.641128 | T41: =IF(R41>0,S41/R41,"——") -> 0.032239271 | U41: =VLOOKUP($A41,[3]基础指标!$Y$21:$AI$36,9,0) -> 143.89359 | V41: =VLOOKUP($A41,[3]基础指标!$Y$21:$AI$36,10,0) -> 7.536102 | W41: =IF(U41>0,V41/U41,"——") -> 0.052372743 | X41: =S41-V41 -> -2.894974 | Y41: =(S41/R41)-(V41/U41) -> -0.020133472 | Z41: =B41+J41+R41 -> 751.74287 | AA41: =C41+K41+S41 -> 92.22697 | AB41: =IF(Z41>0,AA41/Z41,"——") -> 0.1226842 | AC41: =E41+M41+U41 -> 723.51885 | AD41: =F41+N41+V41 -> 98.392052 | AE41: =IF(AC41>0,AD41/AC41,"——") -> 0.135991 | AF41: =AA41-AD41 -> -6.165082 | AG41: =(AA41/Z41)-(AD41/AC41) -> -0.013306804 | AH41: 245.65003 | AI41: =AA41/AH41 -> 0.37544049
A42: 小计 | B42: =SUM(B36:B41) -> 1547.5956 | C42: =SUM(C36:C41) -> 421.00142 | D42: =C42/B42 -> 0.27203581 | E42: =SUM(E36:E41) -> 1233.3978 | F42: =SUM(F36:F41) -> 317.8521 | G42: =F42/E42 -> 0.25770444 | H42: =SUM(H36:H41) -> 103.14933 | I42: =D42-G42 -> 0.014331369 | J42: =SUM(J36:J41) -> 963.99289 | K42: =SUM(K36:K41) -> 67.845923 | L42: =K42/J42 -> 0.070380108 | M42: =SUM(M36:M41) -> 934.17852 | N42: =SUM(N36:N41) -> 75.650534 | O42: =N42/M42 -> 0.080980811 | P42: =SUM(P36:P41) -> -7.804611 | Q42: =L42-O42 -> -0.010600703 | R42: =SUM(R36:R41) -> 419.10115 | S42: =SUM(S36:S41) -> 11.487132 | T42: =S42/R42 -> 0.027408973 | U42: =SUM(U36:U41) -> 350.56301 | V42: =SUM(V36:V41) -> 13.256932 | W42: =V42/U42 -> 0.037816117 | X42: =SUM(X36:X41) -> -1.7698 | Y42: =T42-W42 -> -0.010407144 | Z42: =SUM(Z36:Z41) -> 2930.6897 | AA42: =SUM(AA36:AA41) -> 500.33448 | AB42: =AA42/Z42 -> 0.17072244 | AC42: =SUM(AC36:AC41) -> 2518.1394 | AD42: =SUM(AD36:AD41) -> 406.75956 | AE42: =AD42/AC42 -> 0.16153179 | AF42: =SUM(AF36:AF41) -> 93.574915 | AG42: =AB42-AE42 -> 0.0091906452 | AH42: =SUM(AH36:AH41) -> 1013.5541 | AI42: =AA42/AH42 -> 0.4936436
A43: 合计 | B43: =B42+B35 -> 5255.9664 | C43: =C42+C35 -> 1250.2123 | D43: =C43/B43 -> 0.23786535 | E43: =E42+E35 -> 5879.0799 | F43: =F42+F35 -> 1357.546 | G43: =F43/E43 -> 0.2309113 | H43: =H42+H35 -> -107.33366 | I43: =D43-G43 -> 0.006954054 | J43: =J42+J35 -> 3917.2409 | K43: =K42+K35 -> 260.74035 | L43: =K43/J43 -> 0.066562245 | M43: =M42+M35 -> 3394.5157 | N43: =N42+N35 -> 259.22514 | O43: =N43/M43 -> 0.076365868 | P43: =P42+P35 -> 1.515212 | Q43: =L43-O43 -> -0.0098036222 | R43: =R42+R35 -> 1367.3358 | S43: =S42+S35 -> 35.293112 | T43: =S43/R43 -> 0.025811591 | U43: =U42+U35 -> 1091.5747 | V43: =V42+V35 -> 49.295994 | W43: =V43/U43 -> 0.045160439 | X43: =X42+X35 -> -14.002882 | Y43: =T43-W43 -> -0.019348847 | Z43: =Z42+Z35 -> 10540.543 | AA43: =AA42+AA35 -> 1546.2458 | AB43: =AA43/Z43 -> 0.14669508 | AC43: =AC42+AC35 -> 10365.17 | AD43: =AD42+AD35 -> 1666.0671 | AE43: =AD43/AC43 -> 0.16073707 | AF43: =AF42+AF35 -> -119.82133 | AG43: =AB43-AE43 -> -0.014041993 | AH43: =AH42+AH35 -> 3485.5297 | AI43: =AA43/AH43 -> 0.44361858

Sheet 筑科案场
A1: 筑科案场经营简报
A2: · 收费率=实收/（应收-减免）
A3: 公司 | B3: 当期收费率 | J3: 历欠收费率 | R3: 备注
B4: 2026年 | E4: 2025年 | H4: 同比 | J4: 2026年 | M4: 2025年 | P4: 同比
B5: 应收 | C5: 实收 | D5: 收费率 | E5: 应收 | F5: 实收 | G5: 收费率 | H5: 实收 | I5: 收费率 | J5: 应收 | K5: 实收 | L5: 收费率 | M5: 应收 | N5: 实收 | O5: 收费率 | P5: 实收 | Q5: 收费率
A6: 北城 | B6: =VLOOKUP($A6,'[1]筑科案场+义乌小业主'!$B$5:$T$14,2,0)-VLOOKUP($A6,'[1]筑科案场+义乌小业主'!$B$5:$T$14,3,0) -> 55.422042 | C6: =VLOOKUP($A6,'[1]筑科案场+义乌小业主'!$B$5:$T$14,4,0) -> 0 | D6: =C6/B6 -> 0 | E6: =VLOOKUP($A6,'[1]筑科案场+义乌小业主'!$B$5:$T$14,6,0)-VLOOKUP($A6,'[1]筑科案场+义乌小业主'!$B$5:$T$14,7,0) -> 94.79829 | F6: =VLOOKUP($A6,'[1]筑科案场+义乌小业主'!$B$5:$T$14,8,0) -> 10 | G6: =F6/E6 -> 0.10548713 | H6: =C6-F6 -> -10 | I6: =D6-G6 -> -0.10548713 | J6: =VLOOKUP($A6,'[1]筑科案场+义乌小业主'!$B$5:$T$14,12,0)-VLOOKUP($A6,'[1]筑科案场+义乌小业主'!$B$5:$T$14,13,0) -> 268.98245 | K6: =VLOOKUP($A6,'[1]筑科案场+义乌小业主'!$B$5:$T$14,14,0) -> 61.85 | L6: =K6/J6 -> 0.22994065 | M6: =VLOOKUP($A6,'[1]筑科案场+义乌小业主'!$B$5:$T$14,16,0)-VLOOKUP($A6,'[1]筑科案场+义乌小业主'!$B$5:$T$14,17,0) -> 135.26775 | N6: =VLOOKUP($A6,'[1]筑科案场+义乌小业主'!$B$5:$T$14,18,0) -> 18.619384 | O6: =N6/M6 -> 0.13764836 | P6: =K6-N6 -> 43.230616 | Q6: =L6-O6 -> 0.092292293
A7: 北京 | B7: =VLOOKUP($A7,'[1]筑科案场+义乌小业主'!$B$5:$T$14,2,0)-VLOOKUP($A7,'[1]筑科案场+义乌小业主'!$B$5:$T$14,3,0) -> 240.92215 | C7: =VLOOKUP($A7,'[1]筑科案场+义乌小业主'!$B$5:$T$14,4,0) -> 0.873301 | D7: =C7/B7 -> 0.0036248265 | E7: =VLOOKUP($A7,'[1]筑科案场+义乌小业主'!$B$5:$T$14,6,0)-VLOOKUP($A7,'[1]筑科案场+义乌小业主'!$B$5:$T$14,7,0) -> 239.92715 | F7: =VLOOKUP($A7,'[1]筑科案场+义乌小业主'!$B$5:$T$14,8,0) -> 0.507084 | G7: =F7/E7 -> 0.0021134916 | H7: =C7-F7 -> 0.366217 | I7: =D7-G7 -> 0.0015113349 | J7: =VLOOKUP($A7,'[1]筑科案场+义乌小业主'!$B$5:$T$14,12,0)-VLOOKUP($A7,'[1]筑科案场+义乌小业主'!$B$5:$T$14,13,0) -> 652.36861 | K7: =VLOOKUP($A7,'[1]筑科案场+义乌小业主'!$B$5:$T$14,14,0) -> 140.66729 | L7: =K7/J7 -> 0.21562547 | M7: =VLOOKUP($A7,'[1]筑科案场+义乌小业主'!$B$5:$T$14,16,0)-VLOOKUP($A7,'[1]筑科案场+义乌小业主'!$B$5:$T$14,17,0) -> 481.43901 | N7: =VLOOKUP($A7,'[1]筑科案场+义乌小业主'!$B$5:$T$14,18,0) -> 257.90708 | O7: =N7/M7 -> 0.53570042 | P7: =K7-N7 -> -117.23979 | Q7: =L7-O7 -> -0.32007494
A8: 宁波 | B8: =VLOOKUP($A8,'[1]筑科案场+义乌小业主'!$B$5:$T$14,2,0)-VLOOKUP($A8,'[1]筑科案场+义乌小业主'!$B$5:$T$14,3,0) -> 274.82743 | C8: =VLOOKUP($A8,'[1]筑科案场+义乌小业主'!$B$5:$T$14,4,0) -> 59.701124 | D8: =C8/B8 -> 0.21723131 | E8: =VLOOKUP($A8,'[1]筑科案场+义乌小业主'!$B$5:$T$14,6,0)-VLOOKUP($A8,'[1]筑科案场+义乌小业主'!$B$5:$T$14,7,0) -> 259.4482 | F8: =VLOOKUP($A8,'[1]筑科案场+义乌小业主'!$B$5:$T$14,8,0) -> 120.77894 | G8: =F8/E8 -> 0.46552235 | H8: =C8-F8 -> -61.077812 | I8: =D8-G8 -> -0.24829103 | J8: =VLOOKUP($A8,'[1]筑科案场+义乌小业主'!$B$5:$T$14,12,0)-VLOOKUP($A8,'[1]筑科案场+义乌小业主'!$B$5:$T$14,13,0) -> 154.99333 | K8: =VLOOKUP($A8,'[1]筑科案场+义乌小业主'!$B$5:$T$14,14,0) -> 128.69979 | L8: =K8/J8 -> 0.83035699 | M8: =VLOOKUP($A8,'[1]筑科案场+义乌小业主'!$B$5:$T$14,16,0)-VLOOKUP($A8,'[1]筑科案场+义乌小业主'!$B$5:$T$14,17,0) -> 79.879141 | N8: =VLOOKUP($A8,'[1]筑科案场+义乌小业主'!$B$5:$T$14,18,0) -> 51.381355 | O8: =N8/M8 -> 0.6432387 | P8: =K8-N8 -> 77.318437 | Q8: =L8-O8 -> 0.18711828
A9: 合计 | B9: =SUM(B6:B8) -> 571.17163 | C9: =SUM(C6:C8) -> 60.574425 | D9: =C9/B9 -> 0.10605293 | E9: =SUM(E6:E8) -> 594.17364 | F9: =SUM(F6:F8) -> 131.28602 | G9: =F9/E9 -> 0.22095565 | H9: =SUM(H6:H8) -> -70.711595 | I9: =D9-G9 -> -0.11490272 | J9: =SUM(J6:J8) -> 1076.3444 | K9: =SUM(K6:K8) -> 331.21708 | L9: =K9/J9 -> 0.30772408 | M9: =SUM(M6:M8) -> 696.58591 | N9: =SUM(N6:N8) -> 327.90782 | O9: =N9/M9 -> 0.47073565 | P9: =SUM(P6:P8) -> 3.309262 | Q9: =L9-O9 -> -0.16301157

Sheet 都会+望辰府多业权
A1: 当期收费简报-宁波望辰府、都会文澜小业主
A2: · 收费率=实收/（应收-减免）
A3: 项目 | B3: 直收项 | J3: 代收项 | R3: 其他项 | Z3: 合计
B4: 2026年 | E4: 2025年 | H4: 同比 | J4: 2026年 | M4: 2025年 | P4: 同比 | R4: 2026年 | U4: 2025年 | X4: 同比 | Z4: 2026年 | AC4: 2025年 | AF4: 同比
B5: 应收 | C5: 实收 | D5: 收费率 | E5: 应收 | F5: 实收 | G5: 收费率 | H5: 实收 | I5: 收费率 | J5: 应收 | K5: 实收 | L5: 收费率 | M5: 应收 | N5: 实收 | O5: 收费率 | P5: 实收 | Q5: 收费率 | R5: 应收 | S5: 实收 | T5: 收费率 | U5: 应收 | V5: 实收 | W5: 收费率 | X5: 实收 | Y5: 收费率 | Z5: 应收 | AA5: 实收 | AB5: 收费率 | AC5: 应收 | AD5: 实收 | AE5: 收费率 | AF5: 实收 | AG5: 收费率
A6: 望辰府 | B6: =VLOOKUP($A6,'[1]筑科案场+义乌小业主'!$B$22:$AD$23,2,0)-VLOOKUP($A6,'[1]筑科案场+义乌小业主'!$B$22:$AD$23,3,0) -> 460.23103 | C6: =VLOOKUP($A6,'[1]筑科案场+义乌小业主'!$B$22:$AD$23,4,0) -> 86.733073 | D6: =C6/B6 -> 0.18845551 | E6: =VLOOKUP($A6,'[1]筑科案场+义乌小业主'!$B$22:$AD$23,18,0)-VLOOKUP($A6,'[1]筑科案场+义乌小业主'!$B$22:$AD$23,19,0) -> 460.93066 | F6: =VLOOKUP($A6,'[1]筑科案场+义乌小业主'!$B$22:$AD$23,20,0) -> 130.69119 | G6: =F6/E6 -> 0.28353763 | H6: =C6-F6 -> -43.958115 | I6: =D6-G6 -> -0.095082124 | J6: =VLOOKUP($A6,'[1]筑科案场+义乌小业主'!$B$22:$AD$23,6,0)-VLOOKUP($A6,'[1]筑科案场+义乌小业主'!$B$22:$AD$23,7,0) -> 0.481351 | K6: =VLOOKUP($A6,'[1]筑科案场+义乌小业主'!$B$22:$AD$23,8,0) -> 0.481351 | L6: =K6/J6 -> 1 | M6: =VLOOKUP($A6,'[1]筑科案场+义乌小业主'!$B$22:$AD$23,22,0)-VLOOKUP($A6,'[1]筑科案场+义乌小业主'!$B$22:$AD$23,23,0) -> 0.330765 | N6: =VLOOKUP($A6,'[1]筑科案场+义乌小业主'!$B$22:$AD$23,24,0) -> 0.138483 | O6: =N6/M6 -> 0.41867489 | P6: =K6-N6 -> 0.342868 | Q6: =L6-O6 -> 0.58132511 | R6: =VLOOKUP($A6,'[1]筑科案场+义乌小业主'!$B$22:$AD$23,10,0)-VLOOKUP($A6,'[1]筑科案场+义乌小业主'!$B$22:$AD$23,11,0) -> 55.372802 | S6: =VLOOKUP($A6,'[1]筑科案场+义乌小业主'!$B$22:$AD$23,12,0) -> 10.748558 | T6: =S6/R6 -> 0.19411259 | U6: =VLOOKUP($A6,'[1]筑科案场+义乌小业主'!$B$22:$AD$23,26,0)-VLOOKUP($A6,'[1]筑科案场+义乌小业主'!$B$22:$AD$23,27,0) -> 64.369417 | V6: =VLOOKUP($A6,'[1]筑科案场+义乌小业主'!$B$22:$AD$23,28,0) -> 24.607612 | W6: =V6/U6 -> 0.38228732 | X6: =S6-V6 -> -13.859054 | Y6: =T6-W6 -> -0.18817473 | Z6: =B6+J6+R6 -> 516.08518 | AA6: =C6+K6+S6 -> 97.962982 | AB6: =AA6/Z6 -> 0.18981941 | AC6: =E6+M6+U6 -> 525.63084 | AD6: =F6+N6+V6 -> 155.43728 | AE6: =AD6/AC6 -> 0.29571568 | AF6: =AA6-AD6 -> -57.474301 | AG6: =AB6-AE6 -> -0.10589628
A7: 都会文澜 | B7: =VLOOKUP($A7,'[1]筑科案场+义乌小业主'!$B$22:$AD$23,2,0)-VLOOKUP($A7,'[1]筑科案场+义乌小业主'!$B$22:$AD$23,3,0) -> 369.0465 | C7: =VLOOKUP($A7,'[1]筑科案场+义乌小业主'!$B$22:$AD$23,4,0) -> 42.57806 | D7: =C7/B7 -> 0.11537316 | E7: =VLOOKUP($A7,'[1]筑科案场+义乌小业主'!$B$22:$AD$23,18,0)-VLOOKUP($A7,'[1]筑科案场+义乌小业主'!$B$22:$AD$23,19,0) -> 430.76706 | F7: =VLOOKUP($A7,'[1]筑科案场+义乌小业主'!$B$22:$AD$23,20,0) -> 95.202466 | G7: =F7/E7 -> 0.22100684 | H7: =C7-F7 -> -52.624406 | I7: =D7-G7 -> -0.10563368 | J7: =VLOOKUP($A7,'[1]筑科案场+义乌小业主'!$B$22:$AD$23,6,0)-VLOOKUP($A7,'[1]筑科案场+义乌小业主'!$B$22:$AD$23,7,0) -> 0.598901 | K7: =VLOOKUP($A7,'[1]筑科案场+义乌小业主'!$B$22:$AD$23,8,0) -> 0.598901 | L7: =K7/J7 -> 1 | M7: =VLOOKUP($A7,'[1]筑科案场+义乌小业主'!$B$22:$AD$23,22,0)-VLOOKUP($A7,'[1]筑科案场+义乌小业主'!$B$22:$AD$23,23,0) -> 0.402694 | N7: =VLOOKUP($A7,'[1]筑科案场+义乌小业主'!$B$22:$AD$23,24,0) -> 0.169308 | O7: =N7/M7 -> 0.42043835 | P7: =K7-N7 -> 0.429593 | Q7: =L7-O7 -> 0.57956165 | R7: =VLOOKUP($A7,'[1]筑科案场+义乌小业主'!$B$22:$AD$23,10,0)-VLOOKUP($A7,'[1]筑科案场+义乌小业主'!$B$22:$AD$23,11,0) -> 45.375757 | S7: =VLOOKUP($A7,'[1]筑科案场+义乌小业主'!$B$22:$AD$23,12,0) -> 5.520773 | T7: =S7/R7 -> 0.1216679 | U7: =VLOOKUP($A7,'[1]筑科案场+义乌小业主'!$B$22:$AD$23,26,0)-VLOOKUP($A7,'[1]筑科案场+义乌小业主'!$B$22:$AD$23,27,0) -> 49.797458 | V7: =VLOOKUP($A7,'[1]筑科案场+义乌小业主'!$B$22:$AD$23,28,0) -> 5.553072 | W7: =V7/U7 -> 0.11151316 | X7: =S7-V7 -> -0.032299 | Y7: =T7-W7 -> 0.010154737 | Z7: =B7+J7+R7 -> 415.02115 | AA7: =C7+K7+S7 -> 48.697734 | AB7: =AA7/Z7 -> 0.11733796 | AC7: =E7+M7+U7 -> 480.96721 | AD7: =F7+N7+V7 -> 100.92485 | AE7: =AD7/AC7 -> 0.20983727 | AF7: =AA7-AD7 -> -52.227112 | AG7: =AB7-AE7 -> -0.092499311
A8: 合计 | B8: =SUM(B6:B7) -> 829.27752 | C8: =SUM(C6:C7) -> 129.31113 | D8: =C8/B8 -> 0.15593228 | E8: =SUM(E6:E7) -> 891.69772 | F8: =SUM(F6:F7) -> 225.89365 | G8: =F8/E8 -> 0.25332986 | H8: =C8-F8 -> -96.582521 | I8: =D8-G8 -> -0.097397578 | J8: =SUM(J6:J7) -> 1.080252 | K8: =SUM(K6:K7) -> 1.080252 | L8: =K8/J8 -> 1 | M8: =SUM(M6:M7) -> 0.733459 | N8: =SUM(N6:N7) -> 0.307791 | O8: =N8/M8 -> 0.41964309 | P8: =K8-N8 -> 0.772461 | Q8: =L8-O8 -> 0.58035691 | R8: =SUM(R6:R7) -> 100.74856 | S8: =SUM(S6:S7) -> 16.269331 | T8: =S8/R8 -> 0.1614845 | U8: =SUM(U6:U7) -> 114.16688 | V8: =SUM(V6:V7) -> 30.160684 | W8: =V8/U8 -> 0.26418069 | X8: =S8-V8 -> -13.891353 | Y8: =T8-W8 -> -0.10269619 | Z8: =SUM(Z6:Z7) -> 931.10633 | AA8: =SUM(AA6:AA7) -> 146.66072 | AB8: =AA8/Z8 -> 0.15751232 | AC8: =SUM(AC6:AC7) -> 1006.5981 | AD8: =SUM(AD6:AD7) -> 256.36213 | AE8: =AD8/AC8 -> 0.25468173 | AF8: =AA8-AD8 -> -109.70141 | AG8: =AB8-AE8 -> -0.097169409
A9: 宁波自建 （不含都会、望辰府） | B9: ='当期-费项'!B12-B8 -> 4699.8672 | C9: ='当期-费项'!C12-C8 -> 3425.8203 | D9: =C9/B9 -> 0.72891852 | E9: ='当期-费项'!E12-E8 -> 4619.206 | F9: ='当期-费项'!F12-F8 -> 3588.0978 | G9: =F9/E9 -> 0.77677804 | H9: =C9-F9 -> -162.27749 | I9: =D9-G9 -> -0.047859518 | J9: ='当期-费项'!J12-J8 -> 465.40416 | K9: ='当期-费项'!K12-K8 -> 445.70009 | L9: =K9/J9 -> 0.95766244 | M9: ='当期-费项'!M12-M8 -> 532.89446 | N9: ='当期-费项'!N12-N8 -> 494.60123 | O9: =N9/M9 -> 0.92814106 | P9: =K9-N9 -> -48.901139 | Q9: =L9-O9 -> 0.029521384 | R9: ='当期-费项'!R12-R8 -> 732.02551 | S9: ='当期-费项'!S12-S8 -> 683.05618 | T9: =S9/R9 -> 0.93310434 | U9: ='当期-费项'!U12-U8 -> 663.81268 | V9: ='当期-费项'!V12-V8 -> 777.02696 | W9: =V9/U9 -> 1.1705516 | X9: =S9-V9 -> -93.970779 | Y9: =T9-W9 -> -0.23744721 | Z9: =B9+J9+R9 -> 5897.2969 | AA9: =C9+K9+S9 -> 4554.5765 | AB9: =AA9/Z9 -> 0.77231596 | AC9: =E9+M9+U9 -> 5815.9131 | AD9: =F9+N9+V9 -> 4859.726 | AE9: =AD9/AC9 -> 0.83559122 | AF9: =AA9-AD9 -> -305.14941 | AG9: =AB9-AE9 -> -0.063275259
A11: 历欠收费简报-宁波望辰府、都会文澜小业主
A12: · 回款率=实收/应收，与清欠指标核算口径一致，未剔除减免
A13: 项目 | B13: 1年以内 | J13: 2-3年 | R13: 3年以上 | Z13: 合计
B14: 2026年 | E14: 2025年 | H14: 同比 | J14: 2026年 | M14: 2025年 | P14: 同比 | R14: 2026年 | U14: 2025年 | X14: 同比 | Z14: 2026年 | AC14: 2025年 | AF14: 同比
B15: 应收 | C15: 实收 | D15: 回款率 | E15: 应收 | F15: 实收 | G15: 回款率 | H15: 实收 | I15: 回款率 | J15: 应收 | K15: 实收 | L15: 回款率 | M15: 应收 | N15: 实收 | O15: 回款率 | P15: 实收 | Q15: 回款率 | R15: 应收 | S15: 实收 | T15: 回款率 | U15: 应收 | V15: 实收 | W15: 回款率 | X15: 实收 | Y15: 回款率 | Z15: 应收 | AA15: 实收 | AB15: 回款率 | AC15: 应收 | AD15: 实收 | AE15: 回款率 | AF15: 实收 | AG15: 回款率
A16: 望辰府 | B16: =VLOOKUP($A16,[2]基础指标!$AB$53:$AK$54,3,0) -> 312.5 | C16: =VLOOKUP($A16,[2]基础指标!$AB$53:$AK$54,4,0) -> 34.837677 | D16: =C16/B16 -> 0.11148057 | E16: =VLOOKUP($A16,[3]基础指标!$Y$53:$AH$54,3,0) -> 166.41 | F16: =VLOOKUP($A16,[3]基础指标!$Y$53:$AH$54,4,0) -> 38.96 | G16: =F16/E16 -> 0.23412055 | H16: =C16-F16 -> -4.122323 | I16: =D16-G16 -> -0.12263998 | J16: =VLOOKUP($A16,[2]基础指标!$AB$53:$AK$54,6,0) -> 85.12 | K16: =VLOOKUP($A16,[2]基础指标!$AB$53:$AK$54,7,0) -> 10.414512 | L16: =K16/J16 -> 0.12235094 | M16: =VLOOKUP($A16,[3]基础指标!$Y$53:$AH$54,6,0) -> 0.9 | N16: =VLOOKUP($A16,[3]基础指标!$Y$53:$AH$54,7,0) -> 0.45 | O16: =N16/M16 -> 0.5 | P16: =K16-N16 -> 9.964512 | Q16: =L16-O16 -> -0.37764906 | R16: —— | Z16: =B16+J16 -> 397.62 | AA16: =C16+K16 -> 45.252189 | AB16: =AA16/Z16 -> 0.11380763 | AC16: =E16+M16 -> 167.31 | AD16: =F16+N16 -> 39.41 | AE16: =AD16/AC16 -> 0.23555077 | AF16: =AA16-AD16 -> 5.842189 | AG16: =AB16-AE16 -> -0.12174315
A17: 都会文澜 | B17: =VLOOKUP($A17,[2]基础指标!$AB$53:$AK$54,3,0) -> 505.8 | C17: =VLOOKUP($A17,[2]基础指标!$AB$53:$AK$54,4,0) -> 101.17691 | D17: =C17/B17 -> 0.20003342 | E17: =VLOOKUP($A17,[3]基础指标!$Y$53:$AH$54,3,0) -> 216.9 | F17: =VLOOKUP($A17,[3]基础指标!$Y$53:$AH$54,4,0) -> 55.56 | G17: =F17/E17 -> 0.25615491 | H17: =C17-F17 -> 45.616906 | I17: =D17-G17 -> -0.056121486 | J17: =VLOOKUP($A17,[2]基础指标!$AB$53:$AK$54,6,0) -> 138.08 | K17: =VLOOKUP($A17,[2]基础指标!$AB$53:$AK$54,7,0) -> 17.568221 | L17: =K17/J17 -> 0.12723219 | M17: =VLOOKUP($A17,[3]基础指标!$Y$53:$AH$54,6,0) -> 7.01 | N17: =VLOOKUP($A17,[3]基础指标!$Y$53:$AH$54,7,0) -> 2.15 | O17: =N17/M17 -> 0.30670471 | P17: =K17-N17 -> 15.418221 | Q17: =L17-O17 -> -0.17947252 | Z17: =B17+J17 -> 643.88 | AA17: =C17+K17 -> 118.74513 | AB17: =AA17/Z17 -> 0.18442121 | AC17: =E17+M17 -> 223.91 | AD17: =F17+N17 -> 57.71 | AE17: =AD17/AC17 -> 0.25773748 | AF17: =AA17-AD17 -> 61.035127 | AG17: =AB17-AE17 -> -0.073316276
A18: 合计 | B18: =SUM(B16:B17) -> 818.3 | C18: =SUM(C16:C17) -> 136.01458 | D18: =C18/B18 -> 0.16621604 | E18: =SUM(E16:E17) -> 383.31 | F18: =SUM(F16:F17) -> 94.52 | G18: =F18/E18 -> 0.24658892 | H18: =C18-F18 -> 41.494583 | I18: =D18-G18 -> -0.080372886 | J18: =SUM(J16:J17) -> 223.2 | K18: =SUM(K16:K17) -> 27.982733 | L18: =K18/J18 -> 0.12537067 | M18: =SUM(M16:M17) -> 7.91 | N18: =SUM(N16:N17) -> 2.6 | O18: =N18/M18 -> 0.32869785 | P18: =K18-N18 -> 25.382733 | Q18: =L18-O18 -> -0.20332718 | R18: 0 | S18: 0 | T18: 0 | U18: 0 | V18: 0 | W18: 0 | X18: 0 | Y18: 0 | Z18: =SUM(Z16:Z17) -> 1041.5 | AA18: =SUM(AA16:AA17) -> 163.99732 | AB18: =AA18/Z18 -> 0.15746262 | AC18: =SUM(AC16:AC17) -> 391.22 | AD18: =SUM(AD16:AD17) -> 97.12 | AE18: =AD18/AC18 -> 0.24824907 | AF18: =AA18-AD18 -> 66.877316 | AG18: =AB18-AE18 -> -0.09078645
A19: 宁波自建 （不含都会、望辰府） | B19: ='历欠-账龄'!B7-B18 -> 1178.43 | C19: ='历欠-账龄'!C7-C18 -> 419.04937 | D19: =C19/B19 -> 0.35559972 | E19: ='历欠-账龄'!E7-E18 -> 811.83 | F19: ='历欠-账龄'!F7-F18 -> 283.49 | G19: =F19/E19 -> 0.34919872 | H19: =C19-F19 -> 135.55937 | I19: =D19-G19 -> 0.0064009927 | J19: ='历欠-账龄'!J7-J18 -> 350.33 | K19: ='历欠-账龄'!K7-K18 -> 58.781977 | L19: =K19/J19 -> 0.1677903 | M19: ='历欠-账龄'!M7-M18 -> 268.46 | N19: ='历欠-账龄'!N7-N18 -> 26.33 | O19: =N19/M19 -> 0.098077926 | P19: =K19-N19 -> 32.451977 | Q19: =L19-O19 -> 0.069712377 | R19: ='历欠-账龄'!R7-R18 -> 136.79 | S19: ='历欠-账龄'!S7-S18 -> 14.627938 | T19: =S19/R19 -> 0.10693719 | U19: ='历欠-账龄'!U7-U18 -> 100.26 | V19: ='历欠-账龄'!V7-V18 -> 7.01 | W19: =V19/U19 -> 0.069918213 | X19: =S19-V19 -> 7.617938 | Y19: =T19-W19 -> 0.037018976 | Z19: =B19+J19+R19 -> 1665.55 | AA19: =C19+K19+S19 -> 492.45929 | AB19: =AA19/Z19 -> 0.29567367 | AC19: =E19+M19+U19 -> 1180.55 | AD19: =F19+N19+V19 -> 316.83 | AE19: =AD19/AC19 -> 0.26837491 | AF19: =AA19-AD19 -> 175.62929 | AG19: =AB19-AE19 -> 0.027298765

Sheet 基础指标
A1: 公司 | B1: 自建项目 | F1: 外拓项目
B2: 历欠总额 | C2: 基础指标 | D2: 1-3月回款 | E2: 指标完成率 | F2: 历欠总额 | G2: 基础指标 | H2: 1-3月回款 | I2: 指标完成率
A3: 罗源 | B3: 2472.8917 | C3: 1666.4001 | D3: 962.64304 | E3: =D3/C3 -> 0.57767823 | F3: 244.41361 | G3: 115.83206 | H3: 74.48692 | I3: =H3/G3 -> 0.64305964
A4: 闽江 | B4: 460.18 | C4: 333.0077 | D4: 175.73 | E4: =D4/C4 -> 0.52770552 | F4: 223.46 | G4: 103.8218 | H4: 41.93 | I4: =H4/G4 -> 0.40386508
A5: 连江 | B5: 4258.8 | C5: 1888.0163 | D5: 684.28 | E5: =D5/C5 -> 0.36243331 | F5: 83.536082 | G5: 41.339091 | H5: 13.84 | I5: =H5/G5 -> 0.33479208
A6: 昆明 | B6: 269.51458 | C6: 162.9379 | D6: 58.032243 | E6: =D6/C6 -> 0.35616173 | F6: 1462.9497 | G6: 449.73327 | H6: 99.188519 | I6: =H6/G6 -> 0.22054966
A7: 贵阳 | B7: 2093.752 | C7: 919.74721 | D7: 325.00082 | E7: =D7/C7 -> 0.35335886 | F7: 1559.8275 | G7: 606.35044 | H7: 121.22411 | I7: =H7/G7 -> 0.19992417
A8: 阜阳 | B8: 360.33473 | C8: 266.46851 | D8: 86.76 | E8: =D8/C8 -> 0.32559194 | F8: 257.97436 | G8: 106.05956 | H8: 22.34 | I8: =H8/G8 -> 0.21063637
A9: 宁波 | B9: 2699.25 | C9: 1397.8278 | D9: 435.25183 | E9: =D9/C9 -> 0.31137728 | F9: 319.12 | G9: 31.912 | H9: 2.144402 | I9: =H9/G9 -> 0.067197355
A10: 版纳 | B10: 1163.6342 | C10: 481.87325 | D10: 148.35443 | E10: =D10/C10 -> 0.30787023 | F10: 751.74287 | G10: 245.65003 | H10: 65.583818 | I10: =H10/G10 -> 0.2669807
A11: 滨湖 | B11: 514.23007 | C11: 356.33811 | D11: 109.25946 | E11: =D11/C11 -> 0.30661739 | F11: 676.39322 | G11: 363.62992 | H11: 104.42 | I11: =H11/G11 -> 0.28716009
A12: 腾冲 | B12: 627.34852 | C12: 214.38633 | D12: 60.048759 | E12: =D12/C12 -> 0.28009602 | F12: 164.58735 | G12: 57.177817 | H12: 44.810256 | I12: =H12/G12 -> 0.78370002
A13: 北城 | B13: 1771.2507 | C13: 1035.552 | D13: 288.72358 | E13: =D13/C13 -> 0.27881128 | F13: 1791.2563 | G13: 665.81851 | H13: 189.56022 | I13: =H13/G13 -> 0.28470254
A14: 长沙 | B14: 1559.8779 | C14: 458.644 | D14: 107.54119 | E14: =D14/C14 -> 0.23447639 | F14: 1101.602 | G14: 254.81945 | H14: 33.583989 | I14: =H14/G14 -> 0.13179523
A15: 北京 | B15: 1701.9531 | C15: 819.68918 | D15: 158.3991 | E15: =D15/C15 -> 0.19324288 | F15: 1925.8214 | G15: 443.38577 | H15: 109.60565 | I15: =H15/G15 -> 0.24720156
A16: 合计 | B16: =SUM(B3:B15) -> 19953.018 | C16: =SUM(C3:C15) -> 10000.888 | D16: =SUM(D3:D15) -> 3600.0244 | E16: =D16/C16 -> 0.35997047 | F16: =SUM(F3:F15) -> 10562.684 | G16: =SUM(G3:G15) -> 3485.5297 | H16: =SUM(H3:H15) -> 922.71789 | I16: =H16/G16 -> 0.26472817
A20: 公司 | B20: 历欠总额 | C20: 基础指标 | D20: 1-3月回款 | E20: 指标完成率
A21: 版纳 | B21: 751.74287 | C21: 245.65003 | D21: 65.583818 | E21: =D21/C21 -> 0.2669807
A22: 北城 | B22: 1791.2563 | C22: 665.81851 | D22: 189.56022 | E22: =D22/C22 -> 0.28470254
A23: 北京 | B23: 1925.8214 | C23: 443.38577 | D23: 109.60565 | E23: =D23/C23 -> 0.24720156
A24: 滨湖 | B24: 676.39322 | C24: 363.62992 | D24: 104.42 | E24: =D24/C24 -> 0.28716009
A25: 阜阳 | B25: 257.97436 | C25: 106.05956 | D25: 22.34 | E25: =D25/C25 -> 0.21063637
A26: 贵阳 | B26: 1559.8275 | C26: 606.35044 | D26: 121.22411 | E26: =D26/C26 -> 0.19992417
A27: 昆明 | B27: 1462.9497 | C27: 449.73327 | D27: 99.188519 | E27: =D27/C27 -> 0.22054966
A28: 连江 | B28: 83.536082 | C28: 41.339091 | D28: 13.84 | E28: =D28/C28 -> 0.33479208
A29: 罗源 | B29: 244.41361 | C29: 115.83206 | D29: 74.48692 | E29: =D29/C29 -> 0.64305964
A30: 闽江 | B30: 223.46 | C30: 103.8218 | D30: 41.93 | E30: =D30/C30 -> 0.40386508
A31: 宁波 | B31: 319.12 | C31: 31.912 | D31: 2.144402 | E31: =D31/C31 -> 0.067197355
A32: 腾冲 | B32: 164.58735 | C32: 57.177817 | D32: 44.810256 | E32: =D32/C32 -> 0.78370002
A33: 长沙 | B33: 1101.602 | C33: 254.81945 | D33: 33.583989 | E33: =D33/C33 -> 0.13179523
A34: 合计 | B34: =SUM(B21:B33) -> 10562.684 | C34: =SUM(C21:C33) -> 3485.5297 | D34: =SUM(D21:D33) -> 922.71789 | E34: =D34/C34 -> 0.26472817
